Entry,HGNC,GeneType,Entry.name,Status,Protein.names,Gene.names,Organism,Length
Q9P2X7,1-Dec,TS,DEC1_HUMAN,reviewed,Deleted in esophageal cancer 1 (Candidate tumor suppressor CTS9),DEC1 CTS9,Homo sapiens (Human),70
P00519,ABL1,Oncogene,ABL1_HUMAN,reviewed,Tyrosine-protein kinase ABL1 (EC 2.7.10.2) (Abelson murine leukemia viral oncogene homolog 1) (Abelson tyrosine-protein kinase 1) (Proto-oncogene c-Abl) (p150),ABL1 ABL JTK7,Homo sapiens (Human),1130
P55196,AFDN,Oncogene,AFAD_HUMAN,reviewed,Afadin (ALL1-fused gene from chromosome 6 protein) (Protein AF-6) (Afadin adherens junction formation factor),AFDN AF6 MLLT4,Homo sapiens (Human),1824
P51825,AFF1,Oncogene,AFF1_HUMAN,reviewed,AF4/FMR2 family member 1 (ALL1-fused gene from chromosome 4 protein) (Protein AF-4) (Protein FEL) (Proto-oncogene AF4),AFF1 AF4 FEL MLLT2 PBM1,Homo sapiens (Human),1210
Q9UHB7,AFF4,Oncogene,AFF4_HUMAN,reviewed,AF4/FMR2 family member 4 (ALL1-fused gene from chromosome 5q31 protein) (Protein AF-5q31) (Major CDK9 elongation factor-associated protein),AFF4 AF5Q31 MCEF HSPC092,Homo sapiens (Human),1163
Q99490,AGAP2,TS,AGAP2_HUMAN,reviewed,"Arf-GAP with GTPase, ANK repeat and PH domain-containing protein 2 (AGAP-2) (Centaurin-gamma-1) (Cnt-g1) (GTP-binding and GTPase-activating protein 2) (GGAP2) (Phosphatidylinositol 3-kinase enhancer) (PIKE)",AGAP2 CENTG1 KIAA0167,Homo sapiens (Human),1192
O95994,AGR2,Oncogene,AGR2_HUMAN,reviewed,Anterior gradient protein 2 homolog (AG-2) (hAG-2) (HPC8) (Secreted cement gland protein XAG-2 homolog),AGR2 AG2 UNQ515/PRO1030,Homo sapiens (Human),175
O14862,AIM2,TS,AIM2_HUMAN,reviewed,Interferon-inducible protein AIM2 (Absent in melanoma 2),AIM2,Homo sapiens (Human),343
Q12802,AKAP13,Oncogene,AKP13_HUMAN,reviewed,A-kinase anchor protein 13 (AKAP-13) (AKAP-Lbc) (Breast cancer nuclear receptor-binding auxiliary protein) (Guanine nucleotide exchange factor Lbc) (Human thyroid-anchoring protein 31) (Lymphoid blast crisis oncogene) (LBC oncogene) (Non-oncogenic Rho GTPase-specific GTP exchange factor) (Protein kinase A-anchoring protein 13) (PRKA13) (p47),AKAP13 BRX HT31 LBC,Homo sapiens (Human),2813
Q9NQ31,AKIP1,Oncogene,AKIP1_HUMAN,reviewed,A-kinase-interacting protein 1 (Breast cancer-associated gene 3 protein) (PKA-interacting protein) (Proline-rich protein BCA3),AKIP1 BCA3 C11orf17,Homo sapiens (Human),210
P31749,AKT1,Oncogene,AKT1_HUMAN,reviewed,RAC-alpha serine/threonine-protein kinase (EC 2.7.11.1) (Protein kinase B) (PKB) (Protein kinase B alpha) (PKB alpha) (Proto-oncogene c-Akt) (RAC-PK-alpha),AKT1 PKB RAC,Homo sapiens (Human),480
P31751,AKT2,Oncogene,AKT2_HUMAN,reviewed,RAC-beta serine/threonine-protein kinase (EC 2.7.11.1) (Protein kinase Akt-2) (Protein kinase B beta) (PKB beta) (RAC-PK-beta),AKT2,Homo sapiens (Human),481
Q9UM73,ALK,Oncogene,ALK_HUMAN,reviewed,ALK tyrosine kinase receptor (EC 2.7.10.1) (Anaplastic lymphoma kinase) (CD antigen CD246),ALK,Homo sapiens (Human),1620
P25054,APC,TS,APC_HUMAN,reviewed,Adenomatous polyposis coli protein (Protein APC) (Deleted in polyposis 2.5),APC DP2.5,Homo sapiens (Human),2843
P10398,ARAF,Oncogene,ARAF_HUMAN,reviewed,Serine/threonine-protein kinase A-Raf (EC 2.7.11.1) (Proto-oncogene A-Raf) (Proto-oncogene A-Raf-1) (Proto-oncogene Pks),ARAF ARAF1 PKS PKS2,Homo sapiens (Human),606
Q9P2F6,ARHGAP20,TS,RHG20_HUMAN,reviewed,Rho GTPase-activating protein 20 (Rho-type GTPase-activating protein 20),ARHGAP20 KIAA1391,Homo sapiens (Human),1191
Q9UNA1,ARHGAP26,Oncogene,RHG26_HUMAN,reviewed,Rho GTPase-activating protein 26 (GTPase regulator associated with focal adhesion kinase) (Oligophrenin-1-like protein) (Rho-type GTPase-activating protein 26),ARHGAP26 GRAF KIAA0621 OPHN1L,Homo sapiens (Human),814
Q9NZN5,ARHGEF12,Oncogene,ARHGC_HUMAN,reviewed,Rho guanine nucleotide exchange factor 12 (Leukemia-associated RhoGEF),ARHGEF12 KIAA0382 LARG,Homo sapiens (Human),1544
Q12774,ARHGEF5,Oncogene,ARHG5_HUMAN,reviewed,Rho guanine nucleotide exchange factor 5 (Ephexin-3) (Guanine nucleotide regulatory protein TIM) (Oncogene TIM) (Transforming immortalized mammary oncogene) (p60 TIM),ARHGEF5 TIM,Homo sapiens (Human),1597
Q8IVW6,ARID3B,TS,ARI3B_HUMAN,reviewed,AT-rich interactive domain-containing protein 3B (ARID domain-containing protein 3B) (Bright and dead ringer protein) (Bright-like protein),ARID3B BDP DRIL2,Homo sapiens (Human),561
Q9BZE9,ASPSCR1,Oncogene,ASPC1_HUMAN,reviewed,Tether containing UBX domain for GLUT4 (Alveolar soft part sarcoma chromosomal region candidate gene 1 protein) (Alveolar soft part sarcoma locus) (Renal papillary cell carcinoma protein 17) (UBX domain-containing protein 9),ASPSCR1 ASPL RCC17 TUG UBXD9 UBXN9,Homo sapiens (Human),553
Q13315,ATM,TS,ATM_HUMAN,reviewed,Serine-protein kinase ATM (EC 2.7.11.1) (Ataxia telangiectasia mutated) (A-T mutated),ATM,Homo sapiens (Human),3056
O14965,AURKA,Oncogene,AURKA_HUMAN,reviewed,Aurora kinase A (EC 2.7.11.1) (Aurora 2) (Aurora/IPL1-related kinase 1) (ARK-1) (Aurora-related kinase 1) (hARK1) (Breast tumor-amplified kinase) (Serine/threonine-protein kinase 15) (Serine/threonine-protein kinase 6) (Serine/threonine-protein kinase aurora-A),AURKA AIK AIRK1 ARK1 AURA AYK1 BTAK IAK1 STK15 STK6,Homo sapiens (Human),403
O15169,AXIN1,TS,AXIN1_HUMAN,reviewed,Axin-1 (Axis inhibition protein 1) (hAxin),AXIN1 AXIN,Homo sapiens (Human),862
P30530,AXL,Oncogene,UFO_HUMAN,reviewed,Tyrosine-protein kinase receptor UFO (EC 2.7.10.1) (AXL oncogene),AXL UFO,Homo sapiens (Human),894
Q8N9N5,BANP,TS,BANP_HUMAN,reviewed,Protein BANP (BEN domain-containing protein 1) (Btg3-associated nuclear protein) (Scaffold/matrix-associated region-1-binding protein),BANP BEND1 SMAR1,Homo sapiens (Human),519
Q07812,BAX,TS,BAX_HUMAN,reviewed,Apoptosis regulator BAX (Bcl-2-like protein 4) (Bcl2-L-4),BAX BCL2L4,Homo sapiens (Human),192
Q9H6U6,BCAS3,Oncogene,BCAS3_HUMAN,reviewed,Breast carcinoma-amplified sequence 3 (GAOB1),BCAS3,Homo sapiens (Human),928
Q8TDM0,BCAS4,Oncogene,BCAS4_HUMAN,reviewed,Breast carcinoma-amplified sequence 4,BCAS4,Homo sapiens (Human),211
O95999,BCL10,TS,BCL10_HUMAN,reviewed,B-cell lymphoma/leukemia 10 (B-cell CLL/lymphoma 10) (Bcl-10) (CARD-containing molecule enhancing NF-kappa-B) (CARD-like apoptotic protein) (hCLAP) (CED-3/ICH-1 prodomain homologous E10-like regulator) (CIPER) (Cellular homolog of vCARMEN) (cCARMEN) (Cellular-E10) (c-E10) (Mammalian CARD-containing adapter molecule E10) (mE10),BCL10 CIPER CLAP,Homo sapiens (Human),233
P10415,BCL2,Oncogene,BCL2_HUMAN,reviewed,Apoptosis regulator Bcl-2,BCL2,Homo sapiens (Human),239
P20749,BCL3,Oncogene,BCL3_HUMAN,reviewed,B-cell lymphoma 3 protein (BCL-3) (Proto-oncogene BCL3),BCL3 BCL4 D19S37,Homo sapiens (Human),454
P41182,BCL6,Oncogene,BCL6_HUMAN,reviewed,B-cell lymphoma 6 protein (BCL-6) (B-cell lymphoma 5 protein) (BCL-5) (Protein LAZ-3) (Zinc finger and BTB domain-containing protein 27) (Zinc finger protein 51),BCL6 BCL5 LAZ3 ZBTB27 ZNF51,Homo sapiens (Human),706
O00512,BCL9,Oncogene,BCL9_HUMAN,reviewed,B-cell CLL/lymphoma 9 protein (B-cell lymphoma 9 protein) (Bcl-9) (Protein legless homolog),BCL9,Homo sapiens (Human),1426
P11274,BCR,Oncogene,BCR_HUMAN,reviewed,Breakpoint cluster region protein (EC 2.7.11.1) (Renal carcinoma antigen NY-REN-26),BCR BCR1 D22S11,Homo sapiens (Human),1271
P35226,BMI1,Oncogene,BMI1_HUMAN,reviewed,Polycomb complex protein BMI-1 (Polycomb group RING finger protein 4) (RING finger protein 51),BMI1 PCGF4 RNF51,Homo sapiens (Human),326
P15056,BRAF,Oncogene,BRAF_HUMAN,reviewed,Serine/threonine-protein kinase B-raf (EC 2.7.11.1) (Proto-oncogene B-Raf) (p94) (v-Raf murine sarcoma viral oncogene homolog B1),BRAF BRAF1 RAFB1,Homo sapiens (Human),766
P38398,BRCA1,TS,BRCA1_HUMAN,reviewed,Breast cancer type 1 susceptibility protein (EC 2.3.2.27) (RING finger protein 53) (RING-type E3 ubiquitin transferase BRCA1),BRCA1 RNF53,Homo sapiens (Human),1863
P51587,BRCA2,TS,BRCA2_HUMAN,reviewed,Breast cancer type 2 susceptibility protein (Fanconi anemia group D1 protein),BRCA2 FACD FANCD1,Homo sapiens (Human),3418
P46736,BRCC3,Oncogene,BRCC3_HUMAN,reviewed,Lys-63-specific deubiquitinase BRCC36 (EC 3.4.19.-) (BRCA1-A complex subunit BRCC36) (BRCA1/BRCA2-containing complex subunit 3) (BRCA1/BRCA2-containing complex subunit 36) (BRISC complex subunit BRCC36),BRCC3 BRCC36 C6.1A CXorf53,Homo sapiens (Human),316
Q9NPI1,BRD7,TS,BRD7_HUMAN,reviewed,Bromodomain-containing protein 7 (75 kDa bromodomain protein) (Protein CELTIX-1),BRD7 BP75 CELTIX1,Homo sapiens (Human),651
Q8WY22,BRI3BP,Oncogene,BRI3B_HUMAN,reviewed,BRI3-binding protein (I3-binding protein) (Cervical cancer 1 proto-oncogene-binding protein KG19) (HCCRBP-1),BRI3BP KG19,Homo sapiens (Human),251
Q9HCU9,BRMS1,TS,BRMS1_HUMAN,reviewed,Breast cancer metastasis-suppressor 1,BRMS1,Homo sapiens (Human),246
P62324,BTG1,Oncogene,BTG1_HUMAN,reviewed,Protein BTG1 (B-cell translocation gene 1 protein),BTG1,Homo sapiens (Human),171
O60566,BUB1B,TS,BUB1B_HUMAN,reviewed,Mitotic checkpoint serine/threonine-protein kinase BUB1 beta (EC 2.7.11.1) (MAD3/BUB1-related protein kinase) (hBUBR1) (Mitotic checkpoint kinase MAD3L) (Protein SSK1),BUB1B BUBR1 MAD3L SSK1,Homo sapiens (Human),1050
Q96M02,C10orf90,TS,CJ090_HUMAN,reviewed,(E2-independent) E3 ubiquitin-conjugating enzyme FATS (EC 2.3.2.-) (Centrosomal protein C10orf90) (E2/E3 hybrid ubiquitin-protein ligase FATS) (Fragile-site associated tumor suppressor homolog) (FATS),C10orf90 FATS,Homo sapiens (Human),699
Q9BY67,CADM1,TS,CADM1_HUMAN,reviewed,Cell adhesion molecule 1 (Immunoglobulin superfamily member 4) (IgSF4) (Nectin-like protein 2) (NECL-2) (Spermatogenic immunoglobulin superfamily) (SgIgSF) (Synaptic cell adhesion molecule) (SynCAM) (Tumor suppressor in lung cancer 1) (TSLC-1),CADM1 IGSF4 IGSF4A NECL2 SYNCAM TSLC1,Homo sapiens (Human),442
Q8NFZ8,CADM4,TS,CADM4_HUMAN,reviewed,Cell adhesion molecule 4 (Immunoglobulin superfamily member 4C) (IgSF4C) (Nectin-like protein 4) (NECL-4) (TSLC1-like protein 2),CADM4 IGSF4C NECL4 TSLL2,Homo sapiens (Human),388
P49589,CARS,Oncogene,SYCC_HUMAN,reviewed,"Cysteine--tRNA ligase, cytoplasmic (EC 6.1.1.16) (Cysteinyl-tRNA synthetase) (CysRS)",CARS,Homo sapiens (Human),748
Q969G5,CAVIN3,TS,CAVN3_HUMAN,reviewed,Caveolae-associated protein 3 (Cavin-3) (Protein kinase C delta-binding protein) (Serum deprivation response factor-related gene product that binds to C-kinase) (hSRBC),CAVIN3 PRKCDBP SRBC,Homo sapiens (Human),261
Q13951,CBFB,Oncogene,PEBB_HUMAN,reviewed,Core-binding factor subunit beta (CBF-beta) (Polyomavirus enhancer-binding protein 2 beta subunit) (PEA2-beta) (PEBP2-beta) (SL3-3 enhancer factor 1 subunit beta) (SL3/AKV core-binding factor beta subunit),CBFB,Homo sapiens (Human),182
P22681,CBL,Oncogene,CBL_HUMAN,reviewed,E3 ubiquitin-protein ligase CBL (EC 2.3.2.27) (Casitas B-lineage lymphoma proto-oncogene) (Proto-oncogene c-Cbl) (RING finger protein 55) (RING-type E3 ubiquitin transferase CBL) (Signal transduction protein CBL),CBL CBL2 RNF55,Homo sapiens (Human),906
Q8N163,CCAR2,TS,CCAR2_HUMAN,reviewed,Cell cycle and apoptosis regulator protein 2 (Cell division cycle and apoptosis regulator protein 2) (DBIRD complex subunit KIAA1967) (Deleted in breast cancer gene 1 protein) (DBC-1) (DBC.1) (NET35) (p30 DBC),CCAR2 DBC1 KIAA1967,Homo sapiens (Human),923
Q16204,CCDC6,Oncogene,CCDC6_HUMAN,reviewed,Coiled-coil domain-containing protein 6 (Papillary thyroid carcinoma-encoded protein) (Protein H4),CCDC6 D10S170 TST1,Homo sapiens (Human),474
P24385,CCND1,Oncogene,CCND1_HUMAN,reviewed,G1/S-specific cyclin-D1 (B-cell lymphoma 1 protein) (BCL-1) (BCL-1 oncogene) (PRAD1 oncogene),CCND1 BCL1 PRAD1,Homo sapiens (Human),295
Q9UK58,CCNL1,Oncogene,CCNL1_HUMAN,reviewed,Cyclin-L1 (Cyclin-L),CCNL1 BM-001 UNQ530/PRO1073,Homo sapiens (Human),526
Q6P1J9,CDC73,TS,CDC73_HUMAN,reviewed,Parafibromin (Cell division cycle protein 73 homolog) (Hyperparathyroidism 2 protein),CDC73 C1orf28 HRPT2,Homo sapiens (Human),531
O14519,CDK2AP1,TS,CDKA1_HUMAN,reviewed,Cyclin-dependent kinase 2-associated protein 1 (CDK2-associated protein 1) (Deleted in oral cancer 1) (DOC-1) (Putative oral cancer suppressor),CDK2AP1 CDKAP1 DOC1,Homo sapiens (Human),115
P46527,CDKN1B,TS,CDN1B_HUMAN,reviewed,Cyclin-dependent kinase inhibitor 1B (Cyclin-dependent kinase inhibitor p27) (p27Kip1),CDKN1B KIP1,Homo sapiens (Human),198
P49918,CDKN1C,TS,CDN1C_HUMAN,reviewed,Cyclin-dependent kinase inhibitor 1C (Cyclin-dependent kinase inhibitor p57) (p57Kip2),CDKN1C KIP2,Homo sapiens (Human),316
Q8N726/P42771,CDKN2A,TS,ARF_HUMAN,reviewed,Tumor suppressor ARF (Alternative reading frame) (ARF) (Cyclin-dependent kinase inhibitor 2A) (p14ARF),CDKN2A CDKN2 MLM,Homo sapiens (Human),132
P42772,CDKN2B,TS,CDN2B_HUMAN,reviewed,Cyclin-dependent kinase 4 inhibitor B (Multiple tumor suppressor 2) (MTS-2) (p14-INK4b) (p15-INK4b) (p15INK4B),CDKN2B MTS2,Homo sapiens (Human),138
P55273,CDKN2D,TS,CDN2D_HUMAN,reviewed,Cyclin-dependent kinase 4 inhibitor D (p19-INK4d),CDKN2D,Homo sapiens (Human),166
Q9H211,CDT1,Oncogene,CDT1_HUMAN,reviewed,DNA replication factor Cdt1 (Double parked homolog) (DUP),CDT1,Homo sapiens (Human),546
Q8TDI0,CHD5,TS,CHD5_HUMAN,reviewed,Chromodomain-helicase-DNA-binding protein 5 (CHD-5) (EC 3.6.4.12) (ATP-dependent helicase CHD5),CHD5 KIAA0444,Homo sapiens (Human),1954
O96017,CHEK2,TS,CHK2_HUMAN,reviewed,Serine/threonine-protein kinase Chk2 (EC 2.7.11.1) (CHK2 checkpoint homolog) (Cds1 homolog) (Hucds1) (hCds1) (Checkpoint kinase 2),CHEK2 CDS1 CHK2 RAD53,Homo sapiens (Human),543
P56277,CMC4,Oncogene,CMC4_HUMAN,reviewed,Cx9C motif-containing protein 4 (Mature T-cell proliferation 1 neighbor protein) (Mature T-cell proliferation-1 type A) (MTCP-1 type A) (Protein p8 MTCP-1) (p8MTCP1),CMC4 C6.1B MTCP1 MTCP1NB,Homo sapiens (Human),68
Q70SY1,CREB3L2,Oncogene,CR3L2_HUMAN,reviewed,Cyclic AMP-responsive element-binding protein 3-like protein 2 (cAMP-responsive element-binding protein 3-like protein 2) (BBF2 human homolog on chromosome 7) [Cleaved into: Processed cyclic AMP-responsive element-binding protein 3-like protein 2],CREB3L2 BBF2H7,Homo sapiens (Human),520
O60519,CREBL2,TS,CRBL2_HUMAN,reviewed,cAMP-responsive element-binding protein-like 2,CREBL2,Homo sapiens (Human),120
P46108,CRK,Oncogene,CRK_HUMAN,reviewed,Adapter molecule crk (Proto-oncogene c-Crk) (p38),CRK,Homo sapiens (Human),304
P07333,CSF1R,Oncogene,CSF1R_HUMAN,reviewed,Macrophage colony-stimulating factor 1 receptor (CSF-1 receptor) (CSF-1-R) (CSF-1R) (M-CSF-R) (EC 2.7.10.1) (Proto-oncogene c-Fms) (CD antigen CD115),CSF1R FMS,Homo sapiens (Human),972
Q8NEV1,CSNK2A3,Oncogene,CSK23_HUMAN,reviewed,Casein kinase II subunit alpha 3 (CK II alpha 3) (EC 2.7.11.1) (Casein kinase II alpha 1 polypeptide pseudogene),CSNK2A3 CSNK2A1P,Homo sapiens (Human),391
P49711,CTCF,TS,CTCF_HUMAN,reviewed,Transcriptional repressor CTCF (11-zinc finger protein) (CCCTC-binding factor) (CTCFL paralog),CTCF,Homo sapiens (Human),727
Q9NQC7,CYLD,TS,CYLD_HUMAN,reviewed,Ubiquitin carboxyl-terminal hydrolase CYLD (EC 3.4.19.12) (Deubiquitinating enzyme CYLD) (Ubiquitin thioesterase CYLD) (Ubiquitin-specific-processing protease CYLD),CYLD CYLD1 KIAA0849 HSPC057,Homo sapiens (Human),956
P98082,DAB2,TS,DAB2_HUMAN,reviewed,Disabled homolog 2 (Adaptor molecule disabled-2) (Differentially expressed in ovarian carcinoma 2) (DOC-2) (Differentially-expressed protein 2),DAB2 DOC2,Homo sapiens (Human),770
Q5VWQ8,DAB2IP,TS,DAB2P_HUMAN,reviewed,Disabled homolog 2-interacting protein (DAB2 interaction protein) (DAB2-interacting protein) (ASK-interacting protein 1) (AIP-1) (DOC-2/DAB-2 interactive protein),DAB2IP AF9Q34 AIP1 KIAA1743,Homo sapiens (Human),1189
O43293,DAPK3,TS,DAPK3_HUMAN,reviewed,Death-associated protein kinase 3 (DAP kinase 3) (EC 2.7.11.1) (DAP-like kinase) (Dlk) (MYPT1 kinase) (Zipper-interacting protein kinase) (ZIP-kinase),DAPK3 ZIPK,Homo sapiens (Human),454
P43146,DCC,TS,DCC_HUMAN,reviewed,Netrin receptor DCC (Colorectal cancer suppressor) (Immunoglobulin superfamily DCC subclass member 1) (Tumor suppressor protein DCC),DCC IGDCC1,Homo sapiens (Human),1447
Q96GG9,DCUN1D1,Oncogene,DCNL1_HUMAN,reviewed,DCN1-like protein 1 (DCUN1 domain-containing protein 1) (Defective in cullin neddylation protein 1-like protein 1) (Squamous cell carcinoma-related oncogene),DCUN1D1 DCN1 DCUN1L1 RP42 SCCRO,Homo sapiens (Human),259
P35638,DDIT3,Oncogene,DDIT3_HUMAN,reviewed,DNA damage-inducible transcript 3 protein (DDIT-3) (C/EBP zeta) (C/EBP-homologous protein) (CHOP) (C/EBP-homologous protein 10) (CHOP-10) (CCAAT/enhancer-binding protein homologous protein) (Growth arrest and DNA damage-inducible protein GADD153),DDIT3 CHOP CHOP10 GADD153,Homo sapiens (Human),169
P26196,DDX6,Oncogene,DDX6_HUMAN,reviewed,Probable ATP-dependent RNA helicase DDX6 (EC 3.6.4.13) (ATP-dependent RNA helicase p54) (DEAD box protein 6) (Oncogene RCK),DDX6 HLR2 RCK,Homo sapiens (Human),483
P35659,DEK,Oncogene,DEK_HUMAN,reviewed,Protein DEK,DEK,Homo sapiens (Human),375
Q8IYB7,DIS3L2,TS,DI3L2_HUMAN,reviewed,DIS3-like exonuclease 2 (hDIS3L2) (EC 3.1.13.-),DIS3L2 FAM6A,Homo sapiens (Human),885
Q96QB1,DLC1,TS,RHG07_HUMAN,reviewed,Rho GTPase-activating protein 7 (Deleted in liver cancer 1 protein) (DLC-1) (HP protein) (Rho-type GTPase-activating protein 7) (START domain-containing protein 12) (StARD12) (StAR-related lipid transfer protein 12),DLC1 ARHGAP7 KIAA1723 STARD12,Homo sapiens (Human),1528
Q9Y238,DLEC1,TS,DLEC1_HUMAN,reviewed,Deleted in lung and esophageal cancer protein 1 (Deleted in lung cancer protein 1) (DLC-1),DLEC1 DLC1,Homo sapiens (Human),1755
O43261,DLEU1,TS,LEU1_HUMAN,reviewed,Leukemia-associated protein 1 (Deleted in lymphocytic leukemia 1) (HBV X-transactivated gene 6 protein) (HBV XAg-transactivated protein 6),DLEU1 LEU1 XTP6,Homo sapiens (Human),78
Q9UGM3,DMBT1,TS,DMBT1_HUMAN,reviewed,Deleted in malignant brain tumors 1 protein (Glycoprotein 340) (Gp-340) (Hensin) (Salivary agglutinin) (SAG) (Surfactant pulmonary-associated D-binding protein),DMBT1 GP340,Homo sapiens (Human),2413
Q9Y222,DMTF1,TS,DMTF1_HUMAN,reviewed,Cyclin-D-binding Myb-like transcription factor 1 (hDMTF1) (Cyclin-D-interacting Myb-like protein 1) (hDMP1),DMTF1 DMP1,Homo sapiens (Human),760
Q08495,DMTN,TS,DEMA_HUMAN,reviewed,Dematin (Dematin actin-binding protein) (Erythrocyte membrane protein band 4.9),DMTN DMT EPB49,Homo sapiens (Human),405
Q8N1I0,DOCK4,Oncogene,DOCK4_HUMAN,reviewed,Dedicator of cytokinesis protein 4,DOCK4 KIAA0716,Homo sapiens (Human),1966
Q9BZG8,DPH1,TS,DPH1_HUMAN,reviewed,2-(3-amino-3-carboxypropyl)histidine synthase subunit 1 (EC 2.5.1.108) (Diphthamide biosynthesis protein 1) (Diphtheria toxin resistance protein 1) (Ovarian cancer-associated gene 1 protein) (S-adenosyl-L-methionine:L-histidine 3-amino-3-carboxypropyltransferase 1),DPH1 DPH2L DPH2L1 OVCA1,Homo sapiens (Human),443
P20827,EFNA1,TS,EFNA1_HUMAN,reviewed,"Ephrin-A1 (EPH-related receptor tyrosine kinase ligand 1) (LERK-1) (Immediate early response protein B61) (Tumor necrosis factor alpha-induced protein 4) (TNF alpha-induced protein 4) [Cleaved into: Ephrin-A1, secreted form]",EFNA1 EPLG1 LERK1 TNFAIP4,Homo sapiens (Human),205
P00533,EGFR,Oncogene,EGFR_HUMAN,reviewed,Epidermal growth factor receptor (EC 2.7.10.1) (Proto-oncogene c-ErbB-1) (Receptor tyrosine-protein kinase erbB-1),EGFR ERBB ERBB1 HER1,Homo sapiens (Human),1210
Q9BQ52,ELAC2,Oncogene,RNZ2_HUMAN,reviewed,Zinc phosphodiesterase ELAC protein 2 (EC 3.1.26.11) (ElaC homolog protein 2) (Heredity prostate cancer protein 2) (Ribonuclease Z 2) (RNase Z 2) (tRNA 3 endonuclease 2) (tRNase Z 2),ELAC2 HPC2,Homo sapiens (Human),826
Q99607,ELF4,Oncogene,ELF4_HUMAN,reviewed,ETS-related transcription factor Elf-4 (E74-like factor 4) (Myeloid Elf-1-like factor),ELF4 ELFR MEF,Homo sapiens (Human),663
P55199,ELL,Oncogene,ELL_HUMAN,reviewed,RNA polymerase II elongation factor ELL (Eleven-nineteen lysine-rich leukemia protein),ELL C19orf17,Homo sapiens (Human),621
O75356,ENTPD5,Oncogene,ENTP5_HUMAN,reviewed,Ectonucleoside triphosphate diphosphohydrolase 5 (NTPDase 5) (EC 3.6.1.6) (CD39 antigen-like 4) (ER-UDPase) (Guanosine-diphosphatase ENTPD5) (GDPase ENTPD5) (EC 3.6.1.42) (Nucleoside diphosphatase) (Uridine-diphosphatase ENTPD5) (UDPase ENTPD5),ENTPD5 CD39L4 PCPH,Homo sapiens (Human),428
Q9Y2J2,EPB41L3,TS,E41L3_HUMAN,reviewed,"Band 4.1-like protein 3 (4.1B) (Differentially expressed in adenocarcinoma of the lung protein 1) (DAL-1) [Cleaved into: Band 4.1-like protein 3, N-terminally processed]",EPB41L3 DAL1 KIAA0987,Homo sapiens (Human),1087
P29323,EPHB2,TS,EPHB2_HUMAN,reviewed,Ephrin type-B receptor 2 (EC 2.7.10.1) (Developmentally-regulated Eph-related tyrosine kinase) (ELK-related tyrosine kinase) (EPH tyrosine kinase 3) (EPH-like kinase 5) (EK5) (hEK5) (Renal carcinoma antigen NY-REN-47) (Tyrosine-protein kinase TYRO5) (Tyrosine-protein kinase receptor EPH-3) [Cleaved into: EphB2/CTF1; EphB2/CTF2],EPHB2 DRT EPHT3 EPTH3 ERK HEK5 TYRO5,Homo sapiens (Human),1055
P42566,EPS15,Oncogene,EPS15_HUMAN,reviewed,Epidermal growth factor receptor substrate 15 (Protein Eps15) (Protein AF-1p),EPS15 AF1P,Homo sapiens (Human),896
P11308,ERG,Oncogene,ERG_HUMAN,reviewed,Transcriptional regulator ERG (Transforming protein ERG),ERG,Homo sapiens (Human),486
Q9UJM3,ERRFI1,TS,ERRFI_HUMAN,reviewed,ERBB receptor feedback inhibitor 1 (Mitogen-inducible gene 6 protein) (MIG-6),ERRFI1 MIG6,Homo sapiens (Human),462
P14921,ETS1,Oncogene,ETS1_HUMAN,reviewed,Protein C-ets-1 (p54),ETS1 EWSR2,Homo sapiens (Human),441
P15036,ETS2,Oncogene,ETS2_HUMAN,reviewed,Protein C-ets-2,ETS2,Homo sapiens (Human),469
P50549,ETV1,Oncogene,ETV1_HUMAN,reviewed,ETS translocation variant 1 (Ets-related protein 81),ETV1 ER81,Homo sapiens (Human),477
P41212,ETV6,Oncogene,ETV6_HUMAN,reviewed,Transcription factor ETV6 (ETS translocation variant 6) (ETS-related protein Tel1) (Tel),ETV6 TEL TEL1,Homo sapiens (Human),452
P22794,EVI2A,Oncogene,EVI2A_HUMAN,reviewed,Protein EVI2A (Ecotropic viral integration site 2A protein homolog) (EVI-2A),EVI2A EVDA EVI2,Homo sapiens (Human),236
P34910,EVI2B,Oncogene,EVI2B_HUMAN,reviewed,Protein EVI2B (Ecotropic viral integration site 2B protein homolog) (EVI-2B) (CD antigen CD361),EVI2B EVDB,Homo sapiens (Human),448
Q01844,EWSR1,Oncogene,EWS_HUMAN,reviewed,RNA-binding protein EWS (EWS oncogene) (Ewing sarcoma breakpoint region 1 protein),EWSR1 EWS,Homo sapiens (Human),656
Q16394,EXT1,TS,EXT1_HUMAN,reviewed,Exostosin-1 (EC 2.4.1.224) (EC 2.4.1.225) (Glucuronosyl-N-acetylglucosaminyl-proteoglycan/N-acetylglucosaminyl-proteoglycan 4-alpha-N-acetylglucosaminyltransferase) (Multiple exostoses protein 1) (Putative tumor suppressor protein EXT1),EXT1,Homo sapiens (Human),746
Q93063,EXT2,TS,EXT2_HUMAN,reviewed,Exostosin-2 (EC 2.4.1.224) (EC 2.4.1.225) (Glucuronosyl-N-acetylglucosaminyl-proteoglycan/N-acetylglucosaminyl-proteoglycan 4-alpha-N-acetylglucosaminyltransferase) (Multiple exostoses protein 2) (Putative tumor suppressor protein EXT2),EXT2,Homo sapiens (Human),718
Q9NZB2,FAM120A,TS,F120A_HUMAN,reviewed,Constitutive coactivator of PPAR-gamma-like protein 1 (Oxidative stress-associated Src activator) (Protein FAM120A),FAM120A C9orf10 KIAA0183 OSSA,Homo sapiens (Human),1118
Q96KR6,FAM210B,TS,F210B_HUMAN,reviewed,"Protein FAM210B, mitochondrial",FAM210B C20orf108 PSEC0265,Homo sapiens (Human),192
Q86UY5,FAM83A,Oncogene,FA83A_HUMAN,reviewed,Protein FAM83A (Tumor antigen BJ-TSA-9) (Tumor-specific gene expressed in prostate protein),FAM83A TSGP,Homo sapiens (Human),434
Q5T0W9,FAM83B,Oncogene,FA83B_HUMAN,reviewed,Protein FAM83B,FAM83B C6orf143,Homo sapiens (Human),1011
Q9H4H8,FAM83D,Oncogene,FA83D_HUMAN,reviewed,Protein FAM83D (Spindle protein CHICA),FAM83D C20orf129,Homo sapiens (Human),585
P31994,FCGR2B,Oncogene,FCG2B_HUMAN,reviewed,Low affinity immunoglobulin gamma Fc region receptor II-b (IgG Fc receptor II-b) (CDw32) (Fc-gamma RII-b) (Fc-gamma-RIIb) (FcRII-b) (CD antigen CD32),FCGR2B CD32 FCG2 IGFR2,Homo sapiens (Human),310
P16591,FER,Oncogene,FER_HUMAN,reviewed,Tyrosine-protein kinase Fer (EC 2.7.10.2) (Feline encephalitis virus-related kinase FER) (Fujinami poultry sarcoma/Feline sarcoma-related protein Fer) (Proto-oncogene c-Fer) (Tyrosine kinase 3) (p94-Fer),FER TYK3,Homo sapiens (Human),822
P07332,FES,Both,FES_HUMAN,reviewed,Tyrosine-protein kinase Fes/Fps (EC 2.7.10.2) (Feline sarcoma/Fujinami avian sarcoma oncogene homolog) (Proto-oncogene c-Fes) (Proto-oncogene c-Fps) (p93c-fes),FES FPS,Homo sapiens (Human),822
P11487,FGF3,Oncogene,FGF3_HUMAN,reviewed,Fibroblast growth factor 3 (FGF-3) (Heparin-binding growth factor 3) (HBGF-3) (Proto-oncogene Int-2),FGF3 INT2,Homo sapiens (Human),239
P08620,FGF4,Oncogene,FGF4_HUMAN,reviewed,Fibroblast growth factor 4 (FGF-4) (Heparin secretory-transforming protein 1) (HST) (HST-1) (HSTF-1) (Heparin-binding growth factor 4) (HBGF-4) (Transforming protein KS3),FGF4 HST HSTF1 KS3,Homo sapiens (Human),206
P12034,FGF5,Oncogene,FGF5_HUMAN,reviewed,Fibroblast growth factor 5 (FGF-5) (Heparin-binding growth factor 5) (HBGF-5) (Smag-82),FGF5,Homo sapiens (Human),268
P10767,FGF6,Oncogene,FGF6_HUMAN,reviewed,Fibroblast growth factor 6 (FGF-6) (Heparin secretory-transforming protein 2) (HST-2) (HSTF-2) (Heparin-binding growth factor 6) (HBGF-6),FGF6 HST2 HSTF2,Homo sapiens (Human),208
P21802,FGFR2,Oncogene,FGFR2_HUMAN,reviewed,Fibroblast growth factor receptor 2 (FGFR-2) (EC 2.7.10.1) (K-sam) (KGFR) (Keratinocyte growth factor receptor) (CD antigen CD332),FGFR2 BEK KGFR KSAM,Homo sapiens (Human),821
P09769,FGR,Oncogene,FGR_HUMAN,reviewed,Tyrosine-protein kinase Fgr (EC 2.7.10.2) (Gardner-Rasheed feline sarcoma viral (v-fgr) oncogene homolog) (Proto-oncogene c-Fgr) (p55-Fgr) (p58-Fgr) (p58c-Fgr),FGR SRC2,Homo sapiens (Human),529
P07954,FH,TS,FUMH_HUMAN,reviewed,"Fumarate hydratase, mitochondrial (Fumarase) (EC 4.2.1.2)",FH,Homo sapiens (Human),510
P49789,FHIT,TS,FHIT_HUMAN,reviewed,"Bis(5'-adenosyl)-triphosphatase (EC 3.6.1.29) (AP3A hydrolase) (AP3Aase) (Diadenosine 5',5'''-P1,P3-triphosphate hydrolase) (Dinucleosidetriphosphatase) (Fragile histidine triad protein)",FHIT,Homo sapiens (Human),147
Q8NFG4,FLCN,TS,FLCN_HUMAN,reviewed,Folliculin (BHD skin lesion fibrofolliculoma protein) (Birt-Hogg-Dube syndrome protein),FLCN BHD,Homo sapiens (Human),579
Q01543,FLI1,Oncogene,FLI1_HUMAN,reviewed,Friend leukemia integration 1 transcription factor (Proto-oncogene Fli-1) (Transcription factor ERGB),FLI1,Homo sapiens (Human),452
P36888,FLT3,Oncogene,FLT3_HUMAN,reviewed,Receptor-type tyrosine-protein kinase FLT3 (EC 2.7.10.1) (FL cytokine receptor) (Fetal liver kinase-2) (FLK-2) (Fms-like tyrosine kinase 3) (FLT-3) (Stem cell tyrosine kinase 1) (STK-1) (CD antigen CD135),FLT3 CD135 FLK2 STK1,Homo sapiens (Human),993
P01100,FOS,Oncogene,FOS_HUMAN,reviewed,Proto-oncogene c-Fos (Cellular oncogene fos) (G0/G1 switch regulatory protein 7),FOS G0S7,Homo sapiens (Human),380
Q12778,FOXO1,Oncogene,FOXO1_HUMAN,reviewed,Forkhead box protein O1 (Forkhead box protein O1A) (Forkhead in rhabdomyosarcoma),FOXO1 FKHR FOXO1A,Homo sapiens (Human),655
O43524,FOXO3,Oncogene,FOXO3_HUMAN,reviewed,Forkhead box protein O3 (AF6q21 protein) (Forkhead in rhabdomyosarcoma-like 1),FOXO3 FKHRL1 FOXO3A,Homo sapiens (Human),673
P98177,FOXO4,Oncogene,FOXO4_HUMAN,reviewed,Forkhead box protein O4 (Fork head domain transcription factor AFX1),FOXO4 AFX AFX1 MLLT7,Homo sapiens (Human),505
Q92837,FRAT1,Oncogene,FRAT1_HUMAN,reviewed,Proto-oncogene FRAT1 (Frequently rearranged in advanced T-cell lymphomas 1) (FRAT-1),FRAT1,Homo sapiens (Human),279
P42685,FRK,TS,FRK_HUMAN,reviewed,Tyrosine-protein kinase FRK (EC 2.7.10.2) (FYN-related kinase) (Nuclear tyrosine protein kinase RAK) (Protein-tyrosine kinase 5),FRK PTK5 RAK,Homo sapiens (Human),505
O95633,FSTL3,Oncogene,FSTL3_HUMAN,reviewed,Follistatin-related protein 3 (Follistatin-like protein 3) (Follistatin-related gene protein),FSTL3 FLRG UNQ674/PRO1308,Homo sapiens (Human),263
P35637,FUS,Oncogene,FUS_HUMAN,reviewed,RNA-binding protein FUS (75 kDa DNA-pairing protein) (Oncogene FUS) (Oncogene TLS) (POMp75) (Translocated in liposarcoma protein),FUS TLS,Homo sapiens (Human),526
P06241,FYN,Oncogene,FYN_HUMAN,reviewed,Tyrosine-protein kinase Fyn (EC 2.7.10.2) (Proto-oncogene Syn) (Proto-oncogene c-Fyn) (Src-like kinase) (SLK) (p59-Fyn),FYN,Homo sapiens (Human),537
O60861,GAS7,Oncogene,GAS7_HUMAN,reviewed,Growth arrest-specific protein 7 (GAS-7),GAS7 KIAA0394,Homo sapiens (Human),476
Q5VTD9,GFI1B,Oncogene,GFI1B_HUMAN,reviewed,Zinc finger protein Gfi-1b (Growth factor independent protein 1B) (Potential regulator of CDKN1A translocated in CML),GFI1B,Homo sapiens (Human),330
P08151,GLI1,Oncogene,GLI1_HUMAN,reviewed,Zinc finger protein GLI1 (Glioma-associated oncogene) (Oncogene GLI),GLI1 GLI,Homo sapiens (Human),1106
P49915,GMPS,Oncogene,GUAA_HUMAN,reviewed,GMP synthase [glutamine-hydrolyzing] (EC 6.3.5.2) (GMP synthetase) (Glutamine amidotransferase),GMPS,Homo sapiens (Human),693
P63092,GNAS,Oncogene,GNAS2_HUMAN,reviewed,Guanine nucleotide-binding protein G(s) subunit alpha isoforms short (Adenylate cyclase-stimulating G alpha protein),GNAS GNAS1 GSP,Homo sapiens (Human),394
Q6UWK7,GPR15L,TS,GP15L_HUMAN,reviewed,Protein GPR15L (Antimicrobial peptide with 57 amino acid residues) (AP-57) (Antimicrobial peptide-57) (Colon-derived SUSD2 binding factor) (CSBF) (Secreted protein C10orf99),GPR15L C10orf99 UNQ1833/PRO3446,Homo sapiens (Human),81
Q15743,GPR68,TS,OGR1_HUMAN,reviewed,Ovarian cancer G-protein coupled receptor 1 (OGR-1) (G-protein coupled receptor 68) (GPR12A) (Sphingosylphosphorylcholine receptor),GPR68 OGR1,Homo sapiens (Human),365
Q8NFJ5,GPRC5A,TS,RAI3_HUMAN,reviewed,Retinoic acid-induced protein 3 (G-protein coupled receptor family C group 5 member A) (Phorbol ester induced gene 1) (PEIG-1) (Retinoic acid-induced gene 1 protein) (RAIG-1),GPRC5A GPCR5A RAI3 RAIG1,Homo sapiens (Human),357
Q13227,GPS2,TS,GPS2_HUMAN,reviewed,G protein pathway suppressor 2 (GPS-2),GPS2,Homo sapiens (Human),327
O60443,GSDME,TS,GSDME_HUMAN,reviewed,"Gasdermin-E (Inversely correlated with estrogen receptor expression 1) (ICERE-1) (Non-syndromic hearing impairment protein 5) [Cleaved into: Gasdermin-E, N-terminal (GSDME-NT); Gasdermin-E, C-terminal (GSDME-CT)]",GSDME DFNA5 ICERE1,Homo sapiens (Human),496
P08631,HCK,Oncogene,HCK_HUMAN,reviewed,Tyrosine-protein kinase HCK (EC 2.7.10.2) (Hematopoietic cell kinase) (Hemopoietic cell kinase) (p59-HCK/p60-HCK) (p59Hck) (p61Hck),HCK,Homo sapiens (Human),526
Q14526,HIC1,TS,HIC1_HUMAN,reviewed,Hypermethylated in cancer 1 protein (Hic-1) (Zinc finger and BTB domain-containing protein 29),HIC1 ZBTB29,Homo sapiens (Human),733
Q9Y2N7,HIF3A,TS,HIF3A_HUMAN,reviewed,Hypoxia-inducible factor 3-alpha (HIF-3-alpha) (HIF3-alpha) (Basic-helix-loop-helix-PAS protein MOP7) (Class E basic helix-loop-helix protein 17) (bHLHe17) (HIF3-alpha-1) (Inhibitory PAS domain protein) (IPAS) (Member of PAS protein 7) (PAS domain-containing protein 7),HIF3A BHLHE17 MOP7 PASD7,Homo sapiens (Human),669
Q16534,HLF,Oncogene,HLF_HUMAN,reviewed,Hepatic leukemia factor,HLF,Homo sapiens (Human),295
P52926,HMGA2,Oncogene,HMGA2_HUMAN,reviewed,High mobility group protein HMGI-C (High mobility group AT-hook protein 2),HMGA2 HMGIC,Homo sapiens (Human),109
Q9BPY8,HOPX,Oncogene,HOP_HUMAN,reviewed,Homeodomain-only protein (Lung cancer-associated Y protein) (Not expressed in choriocarcinoma protein 1) (Odd homeobox protein 1),HOPX HOD HOP LAGY NECC1 OB1,Homo sapiens (Human),73
P31269,HOXA9,Oncogene,HXA9_HUMAN,reviewed,Homeobox protein Hox-A9 (Homeobox protein Hox-1G),HOXA9 HOX1G,Homo sapiens (Human),272
P15428,HPGD,TS,PGDH_HUMAN,reviewed,15-hydroxyprostaglandin dehydrogenase [NAD(+)] (15-PGDH) (EC 1.1.1.141) (Prostaglandin dehydrogenase 1) (Short chain dehydrogenase/reductase family 36C member 1),HPGD PGDH1 SDR36C1,Homo sapiens (Human),266
P01112,HRAS,Oncogene,RASH_HUMAN,reviewed,"GTPase HRas (H-Ras-1) (Ha-Ras) (Transforming protein p21) (c-H-ras) (p21ras) [Cleaved into: GTPase HRas, N-terminally processed]",HRAS HRAS1,Homo sapiens (Human),189
Q9BUP3,HTATIP2,TS,HTAI2_HUMAN,reviewed,Oxidoreductase HTATIP2 (EC 1.1.1.-) (30 kDa HIV-1 TAT-interacting protein) (HIV-1 TAT-interactive protein 2),HTATIP2 CC3 TIP30,Homo sapiens (Human),242
P60568,IL2,Oncogene,IL2_HUMAN,reviewed,Interleukin-2 (IL-2) (T-cell growth factor) (TCGF) (Aldesleukin),IL2,Homo sapiens (Human),153
Q9UK53,ING1,TS,ING1_HUMAN,reviewed,Inhibitor of growth protein 1,ING1,Homo sapiens (Human),422
Q9UNL4,ING4,TS,ING4_HUMAN,reviewed,Inhibitor of growth protein 4 (p29ING4),ING4 My036,Homo sapiens (Human),249
P10914,IRF1,TS,IRF1_HUMAN,reviewed,Interferon regulatory factor 1 (IRF-1),IRF1,Homo sapiens (Human),325
O60674,JAK2,Oncogene,JAK2_HUMAN,reviewed,Tyrosine-protein kinase JAK2 (EC 2.7.10.2) (Janus kinase 2) (JAK-2),JAK2,Homo sapiens (Human),1132
Q86VZ6,JAZF1,Oncogene,JAZF1_HUMAN,reviewed,Juxtaposed with another zinc finger protein 1 (TAK1-interacting protein 27) (Zinc finger protein 802),JAZF1 TIP27 ZNF802,Homo sapiens (Human),243
P05412,JUN,Oncogene,JUN_HUMAN,reviewed,Transcription factor AP-1 (Activator protein 1) (AP1) (Proto-oncogene c-Jun) (V-jun avian sarcoma virus 17 oncogene homolog) (p39),JUN,Homo sapiens (Human),331
Q14678,KANK1,TS,KANK1_HUMAN,reviewed,KN motif and ankyrin repeat domain-containing protein 1 (Ankyrin repeat domain-containing protein 15) (Kidney ankyrin repeat-containing protein),KANK1 ANKRD15 KANK KIAA0172,Homo sapiens (Human),1352
Q92794,KAT6A,Oncogene,KAT6A_HUMAN,reviewed,"Histone acetyltransferase KAT6A (EC 2.3.1.48) (MOZ, YBF2/SAS3, SAS2 and TIP60 protein 3) (MYST-3) (Monocytic leukemia zinc finger protein) (Runt-related transcription factor-binding protein 2) (Zinc finger protein 220)",KAT6A MOZ MYST3 RUNXBP2 ZNF220,Homo sapiens (Human),2004
Q693B1,KCTD11,TS,KCD11_HUMAN,reviewed,BTB/POZ domain-containing protein KCTD11 (KCASH1 protein) (Potassium channel tetramerization domain-containing protein 11) (RING-type E3 ubiquitin transferase subunit KCTD11),KCTD11 C17orf36 REN,Homo sapiens (Human),232
Q4G0X4,KCTD21,TS,KCD21_HUMAN,reviewed,BTB/POZ domain-containing protein KCTD21 (KCASH2 protein) (Potassium channel tetramerization domain-containing protein 21),KCTD21,Homo sapiens (Human),260
Q8NC69,KCTD6,TS,KCTD6_HUMAN,reviewed,BTB/POZ domain-containing protein KCTD6 (KCASH3 protein) (Potassium channel tetramerization domain-containing protein 6),KCTD6,Homo sapiens (Human),237
Q06136,KDSR,Oncogene,KDSR_HUMAN,reviewed,3-ketodihydrosphingosine reductase (KDS reductase) (EC 1.1.1.102) (3-dehydrosphinganine reductase) (Follicular variant translocation protein 1) (FVT-1) (Short chain dehydrogenase/reductase family 35C member 1),KDSR FVT1 SDR35C1,Homo sapiens (Human),332
P10721,KIT,Oncogene,KIT_HUMAN,reviewed,Mast/stem cell growth factor receptor Kit (SCFR) (EC 2.7.10.1) (Piebald trait protein) (PBT) (Proto-oncogene c-Kit) (Tyrosine-protein kinase Kit) (p145 c-kit) (v-kit Hardy-Zuckerman 4 feline sarcoma viral oncogene homolog) (CD antigen CD117),KIT SCFR,Homo sapiens (Human),976
O43240,KLK10,TS,KLK10_HUMAN,reviewed,Kallikrein-10 (EC 3.4.21.-) (Normal epithelial cell-specific 1) (Protease serine-like 1),KLK10 NES1 PRSSL1,Homo sapiens (Human),276
Q03164,KMT2A,Oncogene,KMT2A_HUMAN,reviewed,Histone-lysine N-methyltransferase 2A (Lysine N-methyltransferase 2A) (EC 2.1.1.43) (ALL-1) (CXXC-type zinc finger protein 7) (Myeloid/lymphoid or mixed-lineage leukemia) (Myeloid/lymphoid or mixed-lineage leukemia protein 1) (Trithorax-like protein) (Zinc finger protein HRX) [Cleaved into: MLL cleavage product N320 (N-terminal cleavage product of 320 kDa) (p320); MLL cleavage product C180 (C-terminal cleavage product of 180 kDa) (p180)],KMT2A ALL1 CXXC7 HRX HTRX MLL MLL1 TRX1,Homo sapiens (Human),3969
P01116,KRAS,Oncogene,RASK_HUMAN,reviewed,"GTPase KRas (K-Ras 2) (Ki-Ras) (c-K-ras) (c-Ki-ras) [Cleaved into: GTPase KRas, N-terminally processed]",KRAS KRAS2 RASK2,Homo sapiens (Human),189
P83111,LACTB,TS,LACTB_HUMAN,reviewed,"Serine beta-lactamase-like protein LACTB, mitochondrial (EC 3.4.-.-)",LACTB MRPL56 UNQ843/PRO1781,Homo sapiens (Human),547
O95835,LATS1,TS,LATS1_HUMAN,reviewed,Serine/threonine-protein kinase LATS1 (EC 2.7.11.1) (Large tumor suppressor homolog 1) (WARTS protein kinase) (h-warts),LATS1 WARTS,Homo sapiens (Human),1130
Q9NRM7,LATS2,TS,LATS2_HUMAN,reviewed,Serine/threonine-protein kinase LATS2 (EC 2.7.11.1) (Kinase phosphorylated during mitosis protein) (Large tumor suppressor homolog 2) (Serine/threonine-protein kinase kpm) (Warts-like kinase),LATS2 KPM,Homo sapiens (Human),1088
P06239,LCK,Oncogene,LCK_HUMAN,reviewed,Tyrosine-protein kinase Lck (EC 2.7.10.2) (Leukocyte C-terminal Src kinase) (LSK) (Lymphocyte cell-specific protein-tyrosine kinase) (Protein YT16) (Proto-oncogene Lck) (T cell-specific protein-tyrosine kinase) (p56-LCK),LCK,Homo sapiens (Human),509
Q6P1Q0,LETMD1,Oncogene,LTMD1_HUMAN,reviewed,LETM1 domain-containing protein 1 (Cervical cancer 1 proto-oncogene protein p40) (Cervical cancer proto-oncogene 2 protein) (HCCR-1) (HCRR-2),LETMD1,Homo sapiens (Human),360
Q9HBX8,LGR6,TS,LGR6_HUMAN,reviewed,Leucine-rich repeat-containing G-protein coupled receptor 6,LGR6 UNQ6427/PRO21331 VTS20631,Homo sapiens (Human),967
Q969G2,LHX4,Oncogene,LHX4_HUMAN,reviewed,LIM/homeobox protein Lhx4 (LIM homeobox protein 4),LHX4,Homo sapiens (Human),390
Q9UGP4,LIMD1,TS,LIMD1_HUMAN,reviewed,LIM domain-containing protein 1,LIMD1,Homo sapiens (Human),676
Q5TKA1,LIN9,TS,LIN9_HUMAN,reviewed,Protein lin-9 homolog (HuLin-9) (hLin-9) (Beta subunit-associated regulator of apoptosis) (TUDOR gene similar protein) (Type I interferon receptor beta chain-associated protein) (pRB-associated protein),LIN9 BARA TGS,Homo sapiens (Human),542
P25800,LMO1,Oncogene,RBTN1_HUMAN,reviewed,Rhombotin-1 (Cysteine-rich protein TTG-1) (LIM domain only protein 1) (LMO-1) (T-cell translocation protein 1),LMO1 RBTN1 RHOM1 TTG1,Homo sapiens (Human),156
P25791,LMO2,Oncogene,RBTN2_HUMAN,reviewed,Rhombotin-2 (Cysteine-rich protein TTG-2) (LIM domain only protein 2) (LMO-2) (T-cell translocation protein 2),LMO2 RBTN2 RBTNL1 RHOM2 TTG2,Homo sapiens (Human),158
P12980,LYL1,Oncogene,LYL1_HUMAN,reviewed,Protein lyl-1 (Class A basic helix-loop-helix protein 18) (bHLHa18) (Lymphoblastic leukemia-derived sequence 1),LYL1 BHLHA18,Homo sapiens (Human),280
P07948,LYN,Oncogene,LYN_HUMAN,reviewed,Tyrosine-protein kinase Lyn (EC 2.7.10.2) (Lck/Yes-related novel protein tyrosine kinase) (V-yes-1 Yamaguchi sarcoma viral related oncogene homolog) (p53Lyn) (p56Lyn),LYN JTK8,Homo sapiens (Human),512
Q9Y250,LZTS1,TS,LZTS1_HUMAN,reviewed,Leucine zipper putative tumor suppressor 1 (F37/esophageal cancer-related gene-coding leucine-zipper motif) (Fez1),LZTS1 FEZ1,Homo sapiens (Human),596
O75444,MAF,Both,MAF_HUMAN,reviewed,Transcription factor Maf (Proto-oncogene c-Maf) (V-maf musculoaponeurotic fibrosarcoma oncogene homolog),MAF,Homo sapiens (Human),373
Q9Y5Q3,MAFB,Both,MAFB_HUMAN,reviewed,Transcription factor MafB (Maf-B) (V-maf musculoaponeurotic fibrosarcoma oncogene homolog B),MAFB KRML,Homo sapiens (Human),323
P41279,MAP3K8,Oncogene,M3K8_HUMAN,reviewed,Mitogen-activated protein kinase kinase kinase 8 (EC 2.7.11.25) (Cancer Osaka thyroid oncogene) (Proto-oncogene c-Cot) (Serine/threonine-protein kinase cot) (Tumor progression locus 2) (TPL-2),MAP3K8 COT ESTF,Homo sapiens (Human),467
Q8IW41,MAPKAPK5,TS,MAPK5_HUMAN,reviewed,MAP kinase-activated protein kinase 5 (MAPK-activated protein kinase 5) (MAPKAP kinase 5) (MAPKAP-K5) (MAPKAPK-5) (MK-5) (MK5) (EC 2.7.11.1) (p38-regulated/activated protein kinase) (PRAK),MAPKAPK5 PRAK,Homo sapiens (Human),473
P04201,MAS1,Oncogene,MAS_HUMAN,reviewed,Proto-oncogene Mas,MAS1 MAS,Homo sapiens (Human),325
P23508,MCC,TS,CRCM_HUMAN,reviewed,Colorectal mutant cancer protein (Protein MCC),MCC,Homo sapiens (Human),829
P10911,MCF2,Oncogene,MCF2_HUMAN,reviewed,Proto-oncogene DBL (Proto-oncogene MCF-2) [Cleaved into: MCF2-transforming protein; DBL-transforming protein],MCF2 DBL,Homo sapiens (Human),925
O15068,MCF2L,Oncogene,MCF2L_HUMAN,reviewed,Guanine nucleotide exchange factor DBS (DBL's big sister) (MCF2-transforming sequence-like protein),MCF2L KIAA0362 OST,Homo sapiens (Human),1137
Q9ULC4,MCTS1,TS,MCTS1_HUMAN,reviewed,Malignant T-cell-amplified sequence 1 (MCT-1) (Multiple copies T-cell malignancies),MCTS1 MCT1,Homo sapiens (Human),181
Q00987,MDM2,Oncogene,MDM2_HUMAN,reviewed,E3 ubiquitin-protein ligase Mdm2 (EC 2.3.2.27) (Double minute 2 protein) (Hdm2) (Oncoprotein Mdm2) (RING-type E3 ubiquitin transferase Mdm2) (p53-binding protein Mdm2),MDM2,Homo sapiens (Human),491
Q8NDY4,MDS2,Oncogene,MDS2_HUMAN,reviewed,Myelodysplastic syndrome 2 translocation-associated protein,MDS2,Homo sapiens (Human),140
Q03112,MECOM,Oncogene,MECOM_HUMAN,reviewed,MDS1 and EVI1 complex locus protein (Ecotropic virus integration site 1 protein homolog) (EVI-1) (Myelodysplasia syndrome 1 protein) (Myelodysplasia syndrome-associated protein 1),MECOM EVI1 MDS1,Homo sapiens (Human),1230
Q12866,MERTK,Oncogene,MERTK_HUMAN,reviewed,Tyrosine-protein kinase Mer (EC 2.7.10.1) (Proto-oncogene c-Mer) (Receptor tyrosine kinase MerTK),MERTK MER,Homo sapiens (Human),999
P08581,MET,Oncogene,MET_HUMAN,reviewed,Hepatocyte growth factor receptor (HGF receptor) (EC 2.7.10.1) (HGF/SF receptor) (Proto-oncogene c-Met) (Scatter factor receptor) (SF receptor) (Tyrosine-protein kinase Met),MET,Homo sapiens (Human),1390
Q9Y4C4,MFHAS1,TS,MFHA1_HUMAN,reviewed,Malignant fibrous histiocytoma-amplified sequence 1 (Malignant fibrous histiocytoma-amplified sequence with leucine-rich tandem repeats 1),MFHAS1 MASL1,Homo sapiens (Human),1052
P40692,MLH1,TS,MLH1_HUMAN,reviewed,DNA mismatch repair protein Mlh1 (MutL protein homolog 1),MLH1 COCA2,Homo sapiens (Human),756
Q03111,MLLT1,Oncogene,ENL_HUMAN,reviewed,Protein ENL (YEATS domain-containing protein 1),MLLT1 ENL LTG19 YEATS1,Homo sapiens (Human),559
P55197,MLLT10,Oncogene,AF10_HUMAN,reviewed,Protein AF-10 (ALL1-fused gene from chromosome 10 protein),MLLT10 AF10,Homo sapiens (Human),1068
Q13015,MLLT11,Oncogene,AF1Q_HUMAN,reviewed,Protein AF1q,MLLT11 AF1Q,Homo sapiens (Human),90
P42568,MLLT3,Oncogene,AF9_HUMAN,reviewed,Protein AF-9 (ALL1-fused gene from chromosome 9 protein) (Myeloid/lymphoid or mixed-lineage leukemia translocated to chromosome 3 protein) (YEATS domain-containing protein 3),MLLT3 AF9 YEATS3,Homo sapiens (Human),568
P55198,MLLT6,Oncogene,AF17_HUMAN,reviewed,Protein AF-17 (ALL1-fused gene from chromosome 17 protein),MLLT6 AF17,Homo sapiens (Human),1093
Q10571,MN1,TS,MN1_HUMAN,reviewed,Transcriptional activator MN1 (Probable tumor suppressor protein MN1),MN1,Homo sapiens (Human),1320
P00540,MOS,Oncogene,MOS_HUMAN,reviewed,Proto-oncogene serine/threonine-protein kinase mos (EC 2.7.11.1) (Oocyte maturation factor mos) (Proto-oncogene c-Mos),MOS,Homo sapiens (Human),346
Q969V6,MRTFA,Oncogene,MRTFA_HUMAN,reviewed,Myocardin-related transcription factor A (MRTF-A) (MKL/myocardin-like protein 1) (Megakaryoblastic leukemia 1 protein) (Megakaryocytic acute leukemia protein),MRTFA KIAA1438 MAL MKL1,Homo sapiens (Human),931
P43246,MSH2,TS,MSH2_HUMAN,reviewed,DNA mismatch repair protein Msh2 (hMSH2) (MutS protein homolog 2),MSH2,Homo sapiens (Human),934
P56278,MTCP1,Oncogene,MTCP1_HUMAN,reviewed,Protein p13 MTCP-1 (p13MTCP1) (Mature T-cell proliferation-1 type B1) (MTCP-1 type B1),MTCP1 C6.1B,Homo sapiens (Human),107
O43312,MTSS1,TS,MTSS1_HUMAN,reviewed,Metastasis suppressor protein 1 (Metastasis suppressor YGL-1) (Missing in metastasis protein),MTSS1 KIAA0429 MIM,Homo sapiens (Human),755
Q9ULD2,MTUS1,TS,MTUS1_HUMAN,reviewed,Microtubule-associated tumor suppressor 1 (AT2 receptor-binding protein) (Angiotensin-II type 2 receptor-interacting protein) (Mitochondrial tumor suppressor 1),MTUS1 ATBP ATIP GK1 KIAA1288 MTSG1,Homo sapiens (Human),1270
P15941,MUC1,TS,MUC1_HUMAN,reviewed,Mucin-1 (MUC-1) (Breast carcinoma-associated antigen DF3) (Cancer antigen 15-3) (CA 15-3) (Carcinoma-associated mucin) (Episialin) (H23AG) (Krebs von den Lungen-6) (KL-6) (PEMT) (Peanut-reactive urinary mucin) (PUM) (Polymorphic epithelial mucin) (PEM) (Tumor-associated epithelial membrane antigen) (EMA) (Tumor-associated mucin) (CD antigen CD227) [Cleaved into: Mucin-1 subunit alpha (MUC1-NT) (MUC1-alpha); Mucin-1 subunit beta (MUC1-beta) (MUC1-CT)],MUC1 PUM,Homo sapiens (Human),1255
Q9UIF7,MUTYH,TS,MUTYH_HUMAN,reviewed,Adenine DNA glycosylase (EC 3.2.2.31) (MutY homolog) (hMYH),MUTYH MYH,Homo sapiens (Human),546
P50539,MXI1,Oncogene,MXI1_HUMAN,reviewed,Max-interacting protein 1 (Max interactor 1) (Class C basic helix-loop-helix protein 11) (bHLHc11),MXI1 BHLHC11,Homo sapiens (Human),228
P10242,MYB,Oncogene,MYB_HUMAN,reviewed,Transcriptional activator Myb (Proto-oncogene c-Myb),MYB,Homo sapiens (Human),640
P01106,MYC,Oncogene,MYC_HUMAN,reviewed,Myc proto-oncogene protein (Class E basic helix-loop-helix protein 39) (bHLHe39) (Proto-oncogene c-Myc) (Transcription factor p64),MYC BHLHE39,Homo sapiens (Human),439
P04198,MYCN,Oncogene,MYCN_HUMAN,reviewed,N-myc proto-oncogene protein (Class E basic helix-loop-helix protein 37) (bHLHe37),MYCN BHLHE37 NMYC,Homo sapiens (Human),464
Q96EZ4,MYEOV,Oncogene,MYEOV_HUMAN,reviewed,Myeloma-overexpressed gene protein (Oncogene in multiple myeloma),MYEOV OCIM,Homo sapiens (Human),313
P35749,MYH11,Oncogene,MYH11_HUMAN,reviewed,"Myosin-11 (Myosin heavy chain 11) (Myosin heavy chain, smooth muscle isoform) (SMMHC)",MYH11 KIAA0866,Homo sapiens (Human),1972
Q93015,NAA80,TS,NAA80_HUMAN,reviewed,N-alpha-acetyltransferase 80 (HsNAAA80) (EC 2.3.1.-) (N-acetyltransferase 6) (Protein fusion-2) (Protein fus-2),NAA80 FUS2 NAT6,Homo sapiens (Human),286
P41271,NBL1,TS,NBL1_HUMAN,reviewed,Neuroblastoma suppressor of tumorigenicity 1 (DAN domain family member 1) (Protein N03) (Zinc finger protein DAN),NBL1 DAN DAND1,Homo sapiens (Human),181
Q9NZQ3,NCKIPSD,Oncogene,SPN90_HUMAN,reviewed,NCK-interacting protein with SH3 domain (54 kDa VacA-interacting protein) (54 kDa vimentin-interacting protein) (VIP54) (90 kDa SH3 protein interacting with Nck) (AF3p21) (Dia-interacting protein 1) (DIP-1) (Diaphanous protein-interacting protein) (SH3 adapter protein SPIN90) (WASP-interacting SH3-domain protein) (WISH) (Wiskott-Aldrich syndrome protein-interacting protein),NCKIPSD AF3P21 SPIN90,Homo sapiens (Human),722
Q15788,NCOA1,Oncogene,NCOA1_HUMAN,reviewed,Nuclear receptor coactivator 1 (NCoA-1) (EC 2.3.1.48) (Class E basic helix-loop-helix protein 74) (bHLHe74) (Protein Hin-2) (RIP160) (Renal carcinoma antigen NY-REN-52) (Steroid receptor coactivator 1) (SRC-1),NCOA1 BHLHE74 SRC1,Homo sapiens (Human),1441
Q13772,NCOA4,Oncogene,NCOA4_HUMAN,reviewed,Nuclear receptor coactivator 4 (NCoA-4) (Androgen receptor coactivator 70 kDa protein) (70 kDa AR-activator) (70 kDa androgen receptor coactivator) (Androgen receptor-associated protein of 70 kDa) (Ret-activating protein ELE1),NCOA4 ARA70 ELE1 RFG,Homo sapiens (Human),614
Q9UN36,NDRG2,TS,NDRG2_HUMAN,reviewed,Protein NDRG2 (N-myc downstream-regulated gene 2 protein) (Protein Syld709613),NDRG2 KIAA1248 SYLD,Homo sapiens (Human),371
Q7Z628,NET1,Oncogene,ARHG8_HUMAN,reviewed,Neuroepithelial cell-transforming gene 1 protein (Proto-oncogene p65 Net1) (Rho guanine nucleotide exchange factor 8),NET1 ARHGEF8,Homo sapiens (Human),596
O76050,NEURL1,TS,NEUL1_HUMAN,reviewed,E3 ubiquitin-protein ligase NEURL1 (EC 2.3.2.27) (Neuralized-like protein 1A) (h-neu) (h-neuralized 1) (RING finger protein 67) (RING-type E3 ubiquitin transferase NEURL1),NEURL1 NEURL NEURL1A RNF67,Homo sapiens (Human),574
P21359,NF1,TS,NF1_HUMAN,reviewed,Neurofibromin (Neurofibromatosis-related protein NF-1) [Cleaved into: Neurofibromin truncated],NF1,Homo sapiens (Human),2839
P35240,NF2,TS,MERL_HUMAN,reviewed,Merlin (Moesin-ezrin-radixin-like protein) (Neurofibromin-2) (Schwannomerlin) (Schwannomin),NF2 SCH,Homo sapiens (Human),595
Q00653,NFKB2,Oncogene,NFKB2_HUMAN,reviewed,Nuclear factor NF-kappa-B p100 subunit (DNA-binding factor KBF2) (H2TF1) (Lymphocyte translocation chromosome 10 protein) (Nuclear factor of kappa light polypeptide gene enhancer in B-cells 2) (Oncogene Lyt-10) (Lyt10) [Cleaved into: Nuclear factor NF-kappa-B p52 subunit],NFKB2 LYT10,Homo sapiens (Human),900
Q99801,NKX3-1,TS,NKX31_HUMAN,reviewed,Homeobox protein Nkx-3.1 (Homeobox protein NK-3 homolog A),NKX3-1 NKX3.1 NKX3A,Homo sapiens (Human),234
P06748,NPM1,Oncogene,NPM_HUMAN,reviewed,Nucleophosmin (NPM) (Nucleolar phosphoprotein B23) (Nucleolar protein NO38) (Numatrin),NPM1 NPM,Homo sapiens (Human),294
Q8WTW4,NPRL2,TS,NPRL2_HUMAN,reviewed,GATOR complex protein NPRL2 (Gene 21 protein) (G21 protein) (Nitrogen permease regulator 2-like protein) (NPR2-like protein) (Tumor suppressor candidate 4),NPRL2 TUSC4,Homo sapiens (Human),380
Q92570,NR4A3,Oncogene,NR4A3_HUMAN,reviewed,Nuclear receptor subfamily 4 group A member 3 (Mitogen-induced nuclear orphan receptor) (Neuron-derived orphan receptor 1) (Nuclear hormone receptor NOR-1),NR4A3 CHN CSMF MINOR NOR1 TEC,Homo sapiens (Human),626
P01111,NRAS,Oncogene,RASN_HUMAN,reviewed,GTPase NRas (Transforming protein N-Ras),NRAS HRAS1,Homo sapiens (Human),189
Q96L73,NSD1,Oncogene,NSD1_HUMAN,reviewed,"Histone-lysine N-methyltransferase, H3 lysine-36 and H4 lysine-20 specific (EC 2.1.1.43) (Androgen receptor coactivator 267 kDa protein) (Androgen receptor-associated protein of 267 kDa) (H3-K36-HMTase) (H4-K20-HMTase) (Lysine N-methyltransferase 3B) (Nuclear receptor-binding SET domain-containing protein 1) (NR-binding SET domain-containing protein)",NSD1 ARA267 KMT3B,Homo sapiens (Human),2696
O96028,NSD2,Oncogene,NSD2_HUMAN,reviewed,Histone-lysine N-methyltransferase NSD2 (EC 2.1.1.43) (Multiple myeloma SET domain-containing protein) (MMSET) (Nuclear SET domain-containing protein 2) (Protein trithorax-5) (Wolf-Hirschhorn syndrome candidate 1 protein),NSD2 KIAA1090 MMSET TRX5 WHSC1,Homo sapiens (Human),1365
Q9BZ95,NSD3,Oncogene,NSD3_HUMAN,reviewed,Histone-lysine N-methyltransferase NSD3 (EC 2.1.1.43) (Nuclear SET domain-containing protein 3) (Protein whistle) (WHSC1-like 1 isoform 9 with methyltransferase activity to lysine) (Wolf-Hirschhorn syndrome candidate 1-like protein 1) (WHSC1-like protein 1),NSD3 WHSC1L1 DC28,Homo sapiens (Human),1437
P04629,NTRK1,Oncogene,NTRK1_HUMAN,reviewed,High affinity nerve growth factor receptor (EC 2.7.10.1) (Neurotrophic tyrosine kinase receptor type 1) (TRK1-transforming tyrosine kinase protein) (Tropomyosin-related kinase A) (Tyrosine kinase receptor) (Tyrosine kinase receptor A) (Trk-A) (gp140trk) (p140-TrkA),NTRK1 MTC TRK TRKA,Homo sapiens (Human),796
P35658,NUP214,Oncogene,NU214_HUMAN,reviewed,Nuclear pore complex protein Nup214 (214 kDa nucleoporin) (Nucleoporin Nup214) (Protein CAN),NUP214 CAIN CAN KIAA0023,Homo sapiens (Human),2090
Q13516,OLIG2,Oncogene,OLIG2_HUMAN,reviewed,Oligodendrocyte transcription factor 2 (Oligo2) (Class B basic helix-loop-helix protein 1) (bHLHb1) (Class E basic helix-loop-helix protein 19) (bHLHe19) (Protein kinase C-binding protein 2) (Protein kinase C-binding protein RACK17),OLIG2 BHLHB1 BHLHE19 PRKCBP2 RACK17,Homo sapiens (Human),323
Q8N7H5,PAF1,TS,PAF1_HUMAN,reviewed,RNA polymerase II-associated factor 1 homolog (hPAF1) (Pancreatic differentiation protein 2),PAF1 PD2,Homo sapiens (Human),531
Q86YC2,PALB2,TS,PALB2_HUMAN,reviewed,Partner and localizer of BRCA2,PALB2 FANCN,Homo sapiens (Human),1186
I0J062,PANO1,TS,PANO1_HUMAN,reviewed,Proapoptotic nucleolar protein 1,PANO1 PANO,Homo sapiens (Human),215
Q99497,PARK7,TS,PARK7_HUMAN,reviewed,Protein/nucleic acid deglycase DJ-1 (EC 3.1.2.-) (EC 3.5.1.-) (EC 3.5.1.124) (Maillard deglycase) (Oncogene DJ1) (Parkinson disease protein 7) (Parkinsonism-associated deglycase) (Protein DJ-1) (DJ-1),PARK7,Homo sapiens (Human),189
Q9HBE1,PATZ1,Oncogene,PATZ1_HUMAN,reviewed,"POZ-, AT hook-, and zinc finger-containing protein 1 (BTB/POZ domain zinc finger transcription factor) (Protein kinase A RI subunit alpha-associated protein) (Zinc finger and BTB domain-containing protein 19) (Zinc finger protein 278) (Zinc finger sarcoma gene protein)",PATZ1 PATZ RIAZ ZBTB19 ZNF278 ZSG,Homo sapiens (Human),687
P23760,PAX3,Oncogene,PAX3_HUMAN,reviewed,Paired box protein Pax-3 (HuP2),PAX3 HUP2,Homo sapiens (Human),479
Q02548,PAX5,Oncogene,PAX5_HUMAN,reviewed,Paired box protein Pax-5 (B-cell-specific transcription factor) (BSAP),PAX5,Homo sapiens (Human),391
P23759,PAX7,Oncogene,PAX7_HUMAN,reviewed,Paired box protein Pax-7 (HuP1),PAX7 HUP1,Homo sapiens (Human),505
Q86U86,PBRM1,TS,PB1_HUMAN,reviewed,Protein polybromo-1 (hPB1) (BRG1-associated factor 180) (BAF180) (Polybromo-1D),PBRM1 BAF180 PB1,Homo sapiens (Human),1689
P40424,PBX1,Oncogene,PBX1_HUMAN,reviewed,Pre-B-cell leukemia transcription factor 1 (Homeobox protein PBX1) (Homeobox protein PRL),PBX1 PRL,Homo sapiens (Human),430
Q15154,PCM1,Oncogene,PCM1_HUMAN,reviewed,Pericentriolar material 1 protein (PCM-1) (hPCM-1),PCM1,Homo sapiens (Human),2024
Q53EL6,PDCD4,TS,PDCD4_HUMAN,reviewed,Programmed cell death protein 4 (Neoplastic transformation inhibitor protein) (Nuclear antigen H731-like) (Protein 197/15a),PDCD4 H731,Homo sapiens (Human),469
P01127,PDGFB,Oncogene,PDGFB_HUMAN,reviewed,Platelet-derived growth factor subunit B (PDGF subunit B) (PDGF-2) (Platelet-derived growth factor B chain) (Platelet-derived growth factor beta polypeptide) (Proto-oncogene c-Sis) (Becaplermin),PDGFB PDGF2 SIS,Homo sapiens (Human),241
Q9GZP0,PDGFD,Oncogene,PDGFD_HUMAN,reviewed,"Platelet-derived growth factor D (PDGF-D) (Iris-expressed growth factor) (Spinal cord-derived growth factor B) (SCDGF-B) [Cleaved into: Platelet-derived growth factor D, latent form (PDGFD latent form); Platelet-derived growth factor D, receptor-binding form (PDGFD receptor-binding form)]",PDGFD IEGF SCDGFB MSTP036 UNQ1899/PRO4345,Homo sapiens (Human),370
P16234,PDGFRA,Oncogene,PGFRA_HUMAN,reviewed,Platelet-derived growth factor receptor alpha (PDGF-R-alpha) (PDGFR-alpha) (EC 2.7.10.1) (Alpha platelet-derived growth factor receptor) (Alpha-type platelet-derived growth factor receptor) (CD140 antigen-like family member A) (CD140a antigen) (Platelet-derived growth factor alpha receptor) (Platelet-derived growth factor receptor 2) (PDGFR-2) (CD antigen CD140a),PDGFRA PDGFR2 RHEPDGFRA,Homo sapiens (Human),1089
P09619,PDGFRB,Oncogene,PGFRB_HUMAN,reviewed,Platelet-derived growth factor receptor beta (PDGF-R-beta) (PDGFR-beta) (EC 2.7.10.1) (Beta platelet-derived growth factor receptor) (Beta-type platelet-derived growth factor receptor) (CD140 antigen-like family member B) (Platelet-derived growth factor receptor 1) (PDGFR-1) (CD antigen CD140b),PDGFRB PDGFR PDGFR1,Homo sapiens (Human),1106
P35232,PHB,Oncogene,PHB_HUMAN,reviewed,Prohibitin,PHB,Homo sapiens (Human),272
Q9Y5J5,PHLDA3,TS,PHLA3_HUMAN,reviewed,Pleckstrin homology-like domain family A member 3 (TDAG51/Ipl homolog 1),PHLDA3 TIH1,Homo sapiens (Human),127
O60346,PHLPP1,TS,PHLP1_HUMAN,reviewed,PH domain leucine-rich repeat-containing protein phosphatase 1 (EC 3.1.3.16) (Pleckstrin homology domain-containing family E member 1) (PH domain-containing family E member 1) (Suprachiasmatic nucleus circadian oscillatory protein) (hSCOP),PHLPP1 KIAA0606 PHLPP PLEKHE1 SCOP,Homo sapiens (Human),1717
Q6ZVD8,PHLPP2,TS,PHLP2_HUMAN,reviewed,PH domain leucine-rich repeat-containing protein phosphatase 2 (EC 3.1.3.16) (PH domain leucine-rich repeat-containing protein phosphatase-like) (PHLPP-like),PHLPP2 KIAA0931 PHLPPL,Homo sapiens (Human),1323
Q13492,PICALM,Oncogene,PICAL_HUMAN,reviewed,Phosphatidylinositol-binding clathrin assembly protein (Clathrin assembly lymphoid myeloid leukemia protein),PICALM CALM,Homo sapiens (Human),652
P42336,PIK3CA,Oncogene,PK3CA_HUMAN,reviewed,"Phosphatidylinositol 4,5-bisphosphate 3-kinase catalytic subunit alpha isoform (PI3-kinase subunit alpha) (PI3K-alpha) (PI3Kalpha) (PtdIns-3-kinase subunit alpha) (EC 2.7.1.153) (Phosphatidylinositol 4,5-bisphosphate 3-kinase 110 kDa catalytic subunit alpha) (PtdIns-3-kinase subunit p110-alpha) (p110alpha) (Phosphoinositide-3-kinase catalytic alpha polypeptide) (Serine/threonine protein kinase PIK3CA) (EC 2.7.11.1)",PIK3CA,Homo sapiens (Human),1068
P11309,PIM1,Oncogene,PIM1_HUMAN,reviewed,Serine/threonine-protein kinase pim-1 (EC 2.7.11.1),PIM1,Homo sapiens (Human),313
Q9P1W9,PIM2,Oncogene,PIM2_HUMAN,reviewed,Serine/threonine-protein kinase pim-2 (EC 2.7.11.1) (Pim-2h),PIM2,Homo sapiens (Human),311
Q86V86,PIM3,Oncogene,PIM3_HUMAN,reviewed,Serine/threonine-protein kinase pim-3 (EC 2.7.11.1),PIM3,Homo sapiens (Human),326
Q96BK5,PINX1,TS,PINX1_HUMAN,reviewed,PIN2/TERF1-interacting telomerase inhibitor 1 (Liver-related putative tumor suppressor) (Pin2-interacting protein X1) (Protein 67-11-3) (TRF1-interacting protein 1),PINX1 LPTL LPTS,Homo sapiens (Human),328
Q6DJT9,PLAG1,Oncogene,PLAG1_HUMAN,reviewed,Zinc finger protein PLAG1 (Pleiomorphic adenoma gene 1 protein),PLAG1,Homo sapiens (Human),500
Q9H7P9,PLEKHG2,TS,PKHG2_HUMAN,reviewed,Pleckstrin homology domain-containing family G member 2 (PH domain-containing family G member 2),PLEKHG2,Homo sapiens (Human),1386
Q53GL0,PLEKHO1,TS,PKHO1_HUMAN,reviewed,Pleckstrin homology domain-containing family O member 1 (PH domain-containing family O member 1) (C-Jun-binding protein) (JBP) (Casein kinase 2-interacting protein 1) (CK2-interacting protein 1) (CKIP-1) (Osteoclast maturation-associated gene 120 protein),PLEKHO1 CKIP1 OC120 HQ0024c,Homo sapiens (Human),409
Q9NYY3,PLK2,TS,PLK2_HUMAN,reviewed,Serine/threonine-protein kinase PLK2 (EC 2.7.11.21) (Polo-like kinase 2) (PLK-2) (hPlk2) (Serine/threonine-protein kinase SNK) (hSNK) (Serum-inducible kinase),PLK2 SNK,Homo sapiens (Human),685
Q8NEB5,PLPP5,TS,PLPP5_HUMAN,reviewed,Phospholipid phosphatase 5 (EC 3.1.3.4) (Phosphatidic acid phosphatase type 2 domain-containing protein 1B),PLPP5 DPPL1 HTPAP PPAPDC1B,Homo sapiens (Human),264
P29590,PML,Both,PML_HUMAN,reviewed,Protein PML (Promyelocytic leukemia protein) (RING finger protein 71) (Tripartite motif-containing protein 19),PML MYL PP8675 RNF71 TRIM19,Homo sapiens (Human),882
P54277,PMS1,TS,PMS1_HUMAN,reviewed,PMS1 protein homolog 1 (DNA mismatch repair protein PMS1),PMS1 PMSL1,Homo sapiens (Human),932
P54278,PMS2,TS,PMS2_HUMAN,reviewed,Mismatch repair endonuclease PMS2 (EC 3.1.-.-) (DNA mismatch repair protein PMS2) (PMS1 protein homolog 2),PMS2 PMSL2,Homo sapiens (Human),862
Q9H307,PNN,TS,PININ_HUMAN,reviewed,Pinin (140 kDa nuclear and cell adhesion-related phosphoprotein) (Desmosome-associated protein) (Domain-rich serine protein) (DRS protein) (DRSP) (Melanoma metastasis clone A protein) (Nuclear protein SDK3) (SR-like protein),PNN DRS MEMA,Homo sapiens (Human),717
Q16633,POU2AF1,Oncogene,OBF1_HUMAN,reviewed,POU domain class 2-associating factor 1 (B-cell-specific coactivator OBF-1) (BOB-1) (OCA-B) (OCT-binding factor 1),POU2AF1 OBF1,Homo sapiens (Human),256
Q92733,PRCC,Oncogene,PRCC_HUMAN,reviewed,Proline-rich protein PRCC (Papillary renal cell carcinoma translocation-associated gene protein),PRCC TPRC,Homo sapiens (Human),491
P17252,PRKCA,Oncogene,KPCA_HUMAN,reviewed,Protein kinase C alpha type (PKC-A) (PKC-alpha) (EC 2.7.11.13),PRKCA PKCA PRKACA,Homo sapiens (Human),672
Q05655,PRKCD,TS,KPCD_HUMAN,reviewed,Protein kinase C delta type (EC 2.7.11.13) (Tyrosine-protein kinase PRKCD) (EC 2.7.10.2) (nPKC-delta) [Cleaved into: Protein kinase C delta type regulatory subunit; Protein kinase C delta type catalytic subunit (Sphingosine-dependent protein kinase-1) (SDK1)],PRKCD,Homo sapiens (Human),676
P41743,PRKCI,Both,KPCI_HUMAN,reviewed,Protein kinase C iota type (EC 2.7.11.13) (Atypical protein kinase C-lambda/iota) (PRKC-lambda/iota) (aPKC-lambda/iota) (nPKC-iota),PRKCI DXS1179E,Homo sapiens (Human),596
P85299,PRR5,TS,PRR5_HUMAN,reviewed,Proline-rich protein 5 (Protein observed with Rictor-1) (Protor-1),PRR5 PROTOR1 PP610,Homo sapiens (Human),388
Q13635,PTCH1,TS,PTC1_HUMAN,reviewed,Protein patched homolog 1 (PTC) (PTC1),PTCH1 PTCH,Homo sapiens (Human),1447
P60484,PTEN,TS,PTEN_HUMAN,reviewed,"Phosphatidylinositol 3,4,5-trisphosphate 3-phosphatase and dual-specificity protein phosphatase PTEN (EC 3.1.3.16) (EC 3.1.3.48) (EC 3.1.3.67) (Mutated in multiple advanced cancers 1) (Phosphatase and tensin homolog)",PTEN MMAC1 TEP1,Homo sapiens (Human),403
O95997,PTTG1,Oncogene,PTTG1_HUMAN,reviewed,Securin (Esp1-associated protein) (Pituitary tumor-transforming gene 1 protein) (Tumor-transforming protein 1) (hPTTG),PTTG1 EAP1 PTTG TUTR1,Homo sapiens (Human),202
Q9NZH5,PTTG2,Oncogene,PTTG2_HUMAN,reviewed,Securin-2 (Pituitary tumor-transforming gene 2 protein),PTTG2,Homo sapiens (Human),202
Q9NZH4,PTTG3P,Oncogene,PTTG3_HUMAN,reviewed,Putative pituitary tumor-transforming gene 3 protein (hPTTG3) (Securin-3) (rcPTTG1),PTTG3P PTTG3,Homo sapiens (Human),202
Q9ULZ3,PYCARD,TS,ASC_HUMAN,reviewed,Apoptosis-associated speck-like protein containing a CARD (hASC) (Caspase recruitment domain-containing protein 5) (PYD and CARD domain-containing protein) (Target of methylation-induced silencing 1),PYCARD ASC CARD5 TMS1,Homo sapiens (Human),195
Q6K0P9,PYHIN1,TS,IFIX_HUMAN,reviewed,Pyrin and HIN domain-containing protein 1 (Interferon-inducible protein X),PYHIN1 IFIX,Homo sapiens (Human),492
P61006,RAB8A,Oncogene,RAB8A_HUMAN,reviewed,Ras-related protein Rab-8A (Oncogene c-mel),RAB8A MEL RAB8,Homo sapiens (Human),207
P04049,RAF1,Oncogene,RAF1_HUMAN,reviewed,RAF proto-oncogene serine/threonine-protein kinase (EC 2.7.11.1) (Proto-oncogene c-RAF) (cRaf) (Raf-1),RAF1 RAF,Homo sapiens (Human),648
P62834,RAP1A,TS,RAP1A_HUMAN,reviewed,Ras-related protein Rap-1A (C21KG) (G-22K) (GTP-binding protein smg p21A) (Ras-related protein Krev-1),RAP1A KREV1,Homo sapiens (Human),184
P10276,RARA,Oncogene,RARA_HUMAN,reviewed,Retinoic acid receptor alpha (RAR-alpha) (Nuclear receptor subfamily 1 group B member 1),RARA NR1B1,Homo sapiens (Human),462
P10826,RARB,Oncogene,RARB_HUMAN,reviewed,Retinoic acid receptor beta (RAR-beta) (HBV-activated protein) (Nuclear receptor subfamily 1 group B member 2) (RAR-epsilon),RARB HAP NR1B2,Homo sapiens (Human),455
P20936,RASA1,TS,RASA1_HUMAN,reviewed,Ras GTPase-activating protein 1 (GAP) (GTPase-activating protein) (RasGAP) (Ras p21 protein activator) (p120GAP),RASA1 GAP RASA,Homo sapiens (Human),1047
Q92737,RASL10A,TS,RSLAA_HUMAN,reviewed,Ras-like protein family member 10A (Ras-like protein RRP22) (Ras-related protein on chromosome 22),RASL10A RRP22,Homo sapiens (Human),203
Q9NS23,RASSF1,TS,RASF1_HUMAN,reviewed,Ras association domain-containing protein 1,RASSF1 RDA32,Homo sapiens (Human),344
P50749,RASSF2,TS,RASF2_HUMAN,reviewed,Ras association domain-containing protein 2,RASSF2 CENP-34 KIAA0168,Homo sapiens (Human),326
Q9H2L5,RASSF4,TS,RASF4_HUMAN,reviewed,Ras association domain-containing protein 4,RASSF4 AD037,Homo sapiens (Human),321
Q8WWW0,RASSF5,TS,RASF5_HUMAN,reviewed,Ras association domain-containing protein 5 (New ras effector 1) (Regulator for cell adhesion and polarization enriched in lymphoid tissues) (RAPL),RASSF5 NORE1 RAPL,Homo sapiens (Human),418
P06400,RB1,TS,RB_HUMAN,reviewed,Retinoblastoma-associated protein (p105-Rb) (pRb) (Rb) (pp110),RB1,Homo sapiens (Human),928
Q8TDY2,RB1CC1,TS,RBCC1_HUMAN,reviewed,RB1-inducible coiled-coil protein 1 (FAK family kinase-interacting protein of 200 kDa) (FIP200),RB1CC1 KIAA0203 RBICC,Homo sapiens (Human),1594
P28749,RBL1,TS,RBL1_HUMAN,reviewed,Retinoblastoma-like protein 1 (107 kDa retinoblastoma-associated protein) (p107) (pRb1),RBL1,Homo sapiens (Human),1068
Q08999,RBL2,TS,RBL2_HUMAN,reviewed,Retinoblastoma-like protein 2 (130 kDa retinoblastoma-associated protein) (p130) (Retinoblastoma-related protein 2) (RBR-2) (pRb2),RBL2 RB2,Homo sapiens (Human),1139
Q96T37,RBM15,Oncogene,RBM15_HUMAN,reviewed,RNA-binding protein 15 (One-twenty two protein 1) (RNA-binding motif protein 15),RBM15 OTT OTT1,Homo sapiens (Human),977
P38159,RBMX,TS,RBMX_HUMAN,reviewed,"RNA-binding motif protein, X chromosome (Glycoprotein p43) (Heterogeneous nuclear ribonucleoprotein G) (hnRNP G) [Cleaved into: RNA-binding motif protein, X chromosome, N-terminally processed]",RBMX HNRPG RBMXP1,Homo sapiens (Human),391
O95980,RECK,TS,RECK_HUMAN,reviewed,Reversion-inducing cysteine-rich protein with Kazal motifs (hRECK) (Suppressor of tumorigenicity 15 protein),RECK ST15,Homo sapiens (Human),971
Q04864,REL,Oncogene,REL_HUMAN,reviewed,Proto-oncogene c-Rel,REL,Homo sapiens (Human),619
P07949,RET,Oncogene,RET_HUMAN,reviewed,Proto-oncogene tyrosine-protein kinase receptor Ret (EC 2.7.10.1) (Cadherin family member 12) (Proto-oncogene c-Ret) [Cleaved into: Soluble RET kinase fragment; Extracellular cell-membrane anchored RET cadherin 120 kDa fragment],RET CDHF12 CDHR16 PTC RET51,Homo sapiens (Human),1114
P61586,RHOA,Oncogene,RHOA_HUMAN,reviewed,Transforming protein RhoA (Rho cDNA clone 12) (h12),RHOA ARH12 ARHA RHO12,Homo sapiens (Human),193
P62745,RHOB,TS,RHOB_HUMAN,reviewed,Rho-related GTP-binding protein RhoB (Rho cDNA clone 6) (h6),RHOB ARH6 ARHB,Homo sapiens (Human),196
Q63HN8,RNF213,Oncogene,RN213_HUMAN,reviewed,E3 ubiquitin-protein ligase RNF213 (EC 2.3.2.27) (EC 3.6.4.-) (ALK lymphoma oligomerization partner on chromosome 17) (Mysterin) (RING finger protein 213) (RING-type E3 ubiquitin transferase RNF213),RNF213 ALO17 C17orf27 KIAA1554 KIAA1618 MYSTR,Homo sapiens (Human),5207
P08922,ROS1,Oncogene,ROS1_HUMAN,reviewed,Proto-oncogene tyrosine-protein kinase ROS (EC 2.7.10.1) (Proto-oncogene c-Ros) (Proto-oncogene c-Ros-1) (Receptor tyrosine kinase c-ros oncogene 1) (c-Ros receptor tyrosine kinase),ROS1 MCF3 ROS,Homo sapiens (Human),2347
Q15349,RPS6KA2,TS,KS6A2_HUMAN,reviewed,Ribosomal protein S6 kinase alpha-2 (S6K-alpha-2) (EC 2.7.11.1) (90 kDa ribosomal protein S6 kinase 2) (p90-RSK 2) (p90RSK2) (MAP kinase-activated protein kinase 1c) (MAPK-activated protein kinase 1c) (MAPKAP kinase 1c) (MAPKAPK-1c) (Ribosomal S6 kinase 3) (RSK-3) (pp90RSK3),RPS6KA2 MAPKAPK1C RSK3,Homo sapiens (Human),733
P62070,RRAS2,Oncogene,RRAS2_HUMAN,reviewed,Ras-related protein R-Ras2 (Ras-like protein TC21) (Teratocarcinoma oncogene),RRAS2 TC21,Homo sapiens (Human),204
Q01196,RUNX1,Oncogene,RUNX1_HUMAN,reviewed,Runt-related transcription factor 1 (Acute myeloid leukemia 1 protein) (Core-binding factor subunit alpha-2) (CBF-alpha-2) (Oncogene AML-1) (Polyomavirus enhancer-binding protein 2 alpha B subunit) (PEA2-alpha B) (PEBP2-alpha B) (SL3-3 enhancer factor 1 alpha B subunit) (SL3/AKV core-binding factor alpha B subunit),RUNX1 AML1 CBFA2,Homo sapiens (Human),453
Q06455,RUNX1T1,Oncogene,MTG8_HUMAN,reviewed,Protein CBFA2T1 (Cyclin-D-related protein) (Eight twenty one protein) (Protein ETO) (Protein MTG8) (Zinc finger MYND domain-containing protein 2),RUNX1T1 AML1T1 CBFA2T1 CDR ETO MTG8 ZMYND2,Homo sapiens (Human),604
O94885,SASH1,TS,SASH1_HUMAN,reviewed,SAM and SH3 domain-containing protein 1 (Proline-glutamate repeat-containing protein),SASH1 KIAA0790 PEPE1,Homo sapiens (Human),1247
P31040,SDHA,TS,SDHA_HUMAN,reviewed,"Succinate dehydrogenase [ubiquinone] flavoprotein subunit, mitochondrial (EC 1.3.5.1) (Flavoprotein subunit of complex II) (Fp)",SDHA SDH2 SDHF,Homo sapiens (Human),664
O94979,SEC31A,Oncogene,SC31A_HUMAN,reviewed,Protein transport protein Sec31A (ABP125) (ABP130) (SEC31-like protein 1) (SEC31-related protein A) (Web1-like protein),SEC31A KIAA0905 SEC31L1 HSPC275 HSPC334,Homo sapiens (Human),1220
Q01105,SET,Oncogene,SET_HUMAN,reviewed,Protein SET (HLA-DR-associated protein II) (Inhibitor of granzyme A-activated DNase) (IGAAD) (PHAPII) (Phosphatase 2A inhibitor I2PP2A) (I-2PP2A) (Template-activating factor I) (TAF-I),SET,Homo sapiens (Human),290
Q9BYW2,SETD2,TS,SETD2_HUMAN,reviewed,Histone-lysine N-methyltransferase SETD2 (EC 2.1.1.43) (HIF-1) (Huntingtin yeast partner B) (Huntingtin-interacting protein 1) (HIP-1) (Huntingtin-interacting protein B) (Lysine N-methyltransferase 3A) (Protein-lysine N-methyltransferase SETD2) (EC 2.1.1.-) (SET domain-containing protein 2) (hSET2) (p231HBP),SETD2 HIF1 HYPB KIAA1732 KMT3A SET2 HSPC069,Homo sapiens (Human),2564
Q99961,SH3GL1,Oncogene,SH3G1_HUMAN,reviewed,Endophilin-A2 (EEN fusion partner of MLL) (Endophilin-2) (Extra eleven-nineteen leukemia fusion gene protein) (EEN) (SH3 domain protein 2B) (SH3 domain-containing GRB2-like protein 1),SH3GL1 CNSA1 SH3D2B,Homo sapiens (Human),368
P57059,SIK1,TS,SIK1_HUMAN,reviewed,Serine/threonine-protein kinase SIK1 (EC 2.7.11.1) (Salt-inducible kinase 1) (SIK-1) (Serine/threonine-protein kinase SNF1-like kinase 1) (Serine/threonine-protein kinase SNF1LK),SIK1 SIK SNF1LK,Homo sapiens (Human),783
Q9Y6E7,SIRT4,TS,SIR4_HUMAN,reviewed,"NAD-dependent protein lipoamidase sirtuin-4, mitochondrial (EC 3.5.1.-) (NAD-dependent ADP-ribosyltransferase sirtuin-4) (EC 2.4.2.-) (NAD-dependent protein deacetylase sirtuin-4) (EC 3.5.1.-) (Regulatory protein SIR2 homolog 4) (SIR2-like protein 4)",SIRT4 SIR2L4,Homo sapiens (Human),314
P12755,SKI,Oncogene,SKI_HUMAN,reviewed,Ski oncogene (Proto-oncogene c-Ski),SKI,Homo sapiens (Human),728
Q8N695,SLC5A8,TS,SC5A8_HUMAN,reviewed,Sodium-coupled monocarboxylate transporter 1 (Apical iodide transporter) (Electrogenic sodium monocarboxylate cotransporter) (Sodium iodide-related cotransporter) (Solute carrier family 5 member 8),SLC5A8 AIT SMCT SMCT1,Homo sapiens (Human),610
Q12824,SMARCB1,TS,SNF5_HUMAN,reviewed,SWI/SNF-related matrix-associated actin-dependent regulator of chromatin subfamily B member 1 (BRG1-associated factor 47) (BAF47) (Integrase interactor 1 protein) (SNF5 homolog) (hSNF5),SMARCB1 BAF47 INI1 SNF5L1,Homo sapiens (Human),385
Q5M775,SPECC1,Oncogene,CYTSB_HUMAN,reviewed,Cytospin-B (Nuclear structure protein 5) (NSP5) (Sperm antigen HCMOGT-1) (Sperm antigen with calponin homology and coiled-coil domains 1),SPECC1 CYTSB NSP5,Homo sapiens (Human),1068
P17947,SPI1,Oncogene,SPI1_HUMAN,reviewed,Transcription factor PU.1 (31 kDa-transforming protein),SPI1,Homo sapiens (Human),270
P12931,SRC,Oncogene,SRC_HUMAN,reviewed,Proto-oncogene tyrosine-protein kinase Src (EC 2.7.10.2) (Proto-oncogene c-Src) (pp60c-src) (p60-Src),SRC SRC1,Homo sapiens (Human),536
Q15532,SS18,Oncogene,SSXT_HUMAN,reviewed,Protein SSXT (Protein SYT) (Synovial sarcoma translocated to X chromosome protein),SS18 SSXT SYT,Homo sapiens (Human),418
Q16384,SSX1,Oncogene,SSX1_HUMAN,reviewed,"Protein SSX1 (Cancer/testis antigen 5.1) (CT5.1) (Synovial sarcoma, X breakpoint 1)",SSX1,Homo sapiens (Human),188
Q16385,SSX2; SSX2B,Oncogene,SSX2_HUMAN,reviewed,"Protein SSX2 (Cancer/testis antigen 5.2) (CT5.2) (Synovial sarcoma, X breakpoint 2) (Tumor antigen HOM-MEL-40)",SSX2 SSX2A; SSX2B,Homo sapiens (Human),188
Q9HBF5,ST20,TS,ST20_HUMAN,reviewed,Suppressor of tumorigenicity 20 protein (Human cervical cancer suppressor gene 1 protein) (HCCS-1),ST20 HCCS1,Homo sapiens (Human),79
Q9Y3M8,STARD13,TS,STA13_HUMAN,reviewed,StAR-related lipid transfer protein 13 (46H23.2) (Deleted in liver cancer 2 protein) (DLC-2) (Rho GTPase-activating protein) (START domain-containing protein 13) (StARD13),STARD13 DLC2 GT650,Homo sapiens (Human),1113
Q15468,STIL,Oncogene,STIL_HUMAN,reviewed,SCL-interrupting locus protein (TAL-1-interrupting locus protein),STIL SIL,Homo sapiens (Human),1287
Q15831,STK11,TS,STK11_HUMAN,reviewed,Serine/threonine-protein kinase STK11 (EC 2.7.11.1) (Liver kinase B1) (LKB1) (hLKB1) (Renal carcinoma antigen NY-REN-19),STK11 LKB1 PJS,Homo sapiens (Human),433
Q6J9G0,STYK1,Oncogene,STYK1_HUMAN,reviewed,Tyrosine-protein kinase STYK1 (EC 2.7.10.2) (Novel oncogene with kinase domain) (Protein PK-unique) (Serine/threonine/tyrosine kinase 1),STYK1 NOK,Homo sapiens (Human),422
Q9UMX1,SUFU,TS,SUFU_HUMAN,reviewed,Suppressor of fused homolog (SUFUH),SUFU UNQ650/PRO1280,Homo sapiens (Human),484
Q9UGT4,SUSD2,TS,SUSD2_HUMAN,reviewed,Sushi domain-containing protein 2,SUSD2,Homo sapiens (Human),822
Q92537,SUSD6,TS,SUSD6_HUMAN,reviewed,Sushi domain-containing protein 6 (Drug-activated gene overexpressed protein),SUSD6 DRAGO KIAA0247,Homo sapiens (Human),303
Q15022,SUZ12,Oncogene,SUZ12_HUMAN,reviewed,Polycomb protein SUZ12 (Chromatin precipitated E2F target 9 protein) (ChET 9 protein) (Joined to JAZF1 protein) (Suppressor of zeste 12 protein homolog),SUZ12 CHET9 JJAZ1 KIAA0160,Homo sapiens (Human),739
Q9UMS6,SYNPO2,TS,SYNP2_HUMAN,reviewed,Synaptopodin-2 (Genethonin-2) (Myopodin),SYNPO2,Homo sapiens (Human),1093
Q92804,TAF15,Oncogene,RBP56_HUMAN,reviewed,TATA-binding protein-associated factor 2N (68 kDa TATA-binding protein-associated factor) (TAF(II)68) (TAFII68) (RNA-binding protein 56),TAF15 RBP56 TAF2N,Homo sapiens (Human),592
P17542,TAL1,Oncogene,TAL1_HUMAN,reviewed,T-cell acute lymphocytic leukemia protein 1 (TAL-1) (Class A basic helix-loop-helix protein 17) (bHLHa17) (Stem cell protein) (T-cell leukemia/lymphoma protein 5),TAL1 BHLHA17 SCL TCL5,Homo sapiens (Human),331
Q16559,TAL2,Oncogene,TAL2_HUMAN,reviewed,T-cell acute lymphocytic leukemia protein 2 (TAL-2) (Class A basic helix-loop-helix protein 19) (bHLHa19),TAL2 BHLHA19,Homo sapiens (Human),108
Q8IZP1,TBC1D3,Oncogene,TBC3A_HUMAN,reviewed,TBC1 domain family member 3 (Prostate cancer gene 17 protein) (Protein TRE17-alpha) (Rab GTPase-activating protein PRC17),TBC1D3 PRC17 TBC1D3A,Homo sapiens (Human),549
Q3YBR2,TBRG1,TS,TBRG1_HUMAN,reviewed,Transforming growth factor beta regulator 1 (Nuclear interactor of ARF and Mdm2),TBRG1 NIAM,Homo sapiens (Human),411
P15923,TCF3,Oncogene,TFE2_HUMAN,reviewed,Transcription factor E2-alpha (Class B basic helix-loop-helix protein 21) (bHLHb21) (Immunoglobulin enhancer-binding factor E12/E47) (Immunoglobulin transcription factor 1) (Kappa-E2-binding factor) (Transcription factor 3) (TCF-3) (Transcription factor ITF-1),TCF3 BHLHB21 E2A ITF1,Homo sapiens (Human),654
Q9BT92,TCHP,TS,TCHP_HUMAN,reviewed,Trichoplein keratin filament-binding protein (Protein TCHP) (Mitochondrial protein with oncostatic activity) (Mitostatin) (Tumor suppressor protein),TCHP,Homo sapiens (Human),498
P56279,TCL1A,Oncogene,TCL1A_HUMAN,reviewed,T-cell leukemia/lymphoma protein 1A (Oncogene TCL-1) (Oncogene TCL1) (Protein p14 TCL1),TCL1A TCL1,Homo sapiens (Human),114
O95988,TCL1B,Oncogene,TCL1B_HUMAN,reviewed,T-cell leukemia/lymphoma protein 1B (Oncogene TCL-1B) (Oncogene TCL1B) (SYN-1) (Syncytiotrophoblast-specific protein) (TCL1/MTCP1-like protein 1),TCL1B TCL1,Homo sapiens (Human),128
Q8TDR4,TCP10L,TS,TCP1L_HUMAN,reviewed,T-complex protein 10A homolog 1 (T-complex protein 10A-1) (TCP10A-1) (TCP10-like),TCP10L PRED77,Homo sapiens (Human),215
P57738,TCTA,Oncogene,TCTA_HUMAN,reviewed,T-cell leukemia translocation-altered gene protein (T-cell leukemia translocation-associated gene protein),TCTA,Homo sapiens (Human),103
Q6N021,TET2,TS,TET2_HUMAN,reviewed,Methylcytosine dioxygenase TET2 (EC 1.14.11.n2),TET2 KIAA1546 Nbla00191,Homo sapiens (Human),2002
P19532,TFE3,Oncogene,TFE3_HUMAN,reviewed,Transcription factor E3 (Class E basic helix-loop-helix protein 33) (bHLHe33),TFE3 BHLHE33,Homo sapiens (Human),575
Q92734,TFG,Oncogene,TFG_HUMAN,reviewed,Protein TFG (TRK-fused gene protein),TFG,Homo sapiens (Human),400
P0C1Z6,TFPT,Oncogene,TFPT_HUMAN,reviewed,TCF3 fusion partner (INO80 complex subunit F) (Protein FB1),TFPT INO80F,Homo sapiens (Human),253
P31314,TLX1,Oncogene,TLX1_HUMAN,reviewed,T-cell leukemia homeobox protein 1 (Homeobox protein Hox-11) (Proto-oncogene TCL-3) (T-cell leukemia/lymphoma protein 3),TLX1 HOX11 TCL3,Homo sapiens (Human),330
O75204,TMEM127,TS,TM127_HUMAN,reviewed,Transmembrane protein 127,TMEM127,Homo sapiens (Human),238
Q02223,TNFRSF17,Oncogene,TNR17_HUMAN,reviewed,Tumor necrosis factor receptor superfamily member 17 (B-cell maturation protein) (CD antigen CD269),TNFRSF17 BCM BCMA,Homo sapiens (Human),184
P11387,TOP1,Oncogene,TOP1_HUMAN,reviewed,DNA topoisomerase 1 (EC 5.99.1.2) (DNA topoisomerase I),TOP1,Homo sapiens (Human),765
P04637,TP53,TS,P53_HUMAN,reviewed,Cellular tumor antigen p53 (Antigen NY-CO-13) (Phosphoprotein p53) (Tumor suppressor p53),TP53 P53,Homo sapiens (Human),393
Q96A56,TP53INP1,TS,T53I1_HUMAN,reviewed,Tumor protein p53-inducible nuclear protein 1 (Stress-induced protein) (p53-dependent damage-inducible nuclear protein 1) (p53DINP1),TP53INP1 P53DINP1 SIP,Homo sapiens (Human),240
O15350,TP73,TS,P73_HUMAN,reviewed,Tumor protein p73 (p53-like transcription factor) (p53-related protein),TP73 P73,Homo sapiens (Human),636
P06753,TPM3,Oncogene,TPM3_HUMAN,reviewed,Tropomyosin alpha-3 chain (Gamma-tropomyosin) (Tropomyosin-3) (Tropomyosin-5) (hTM5),TPM3,Homo sapiens (Human),285
P12270,TPR,Oncogene,TPR_HUMAN,reviewed,Nucleoprotein TPR (Megator) (NPC-associated intranuclear protein) (Translocated promoter region protein),TPR,Homo sapiens (Human),2363
O15164,TRIM24,TS,TIF1A_HUMAN,reviewed,Transcription intermediary factor 1-alpha (TIF1-alpha) (EC 2.3.2.27) (E3 ubiquitin-protein ligase TRIM24) (RING finger protein 82) (RING-type E3 ubiquitin transferase TIF1-alpha) (Tripartite motif-containing protein 24),TRIM24 RNF82 TIF1 TIF1A,Homo sapiens (Human),1050
P14373,TRIM27,Oncogene,TRI27_HUMAN,reviewed,Zinc finger protein RFP (EC 2.3.2.27) (RING finger protein 76) (RING-type E3 ubiquitin transferase TRIM27) (Ret finger protein) (Tripartite motif-containing protein 27),TRIM27 RFP RNF76,Homo sapiens (Human),513
O94972,TRIM37,Oncogene,TRI37_HUMAN,reviewed,E3 ubiquitin-protein ligase TRIM37 (EC 2.3.2.27) (Mulibrey nanism protein) (RING-type E3 ubiquitin transferase TRIM37) (Tripartite motif-containing protein 37),TRIM37 KIAA0898 MUL POB1,Homo sapiens (Human),964
Q92574,TSC1,TS,TSC1_HUMAN,reviewed,Hamartin (Tuberous sclerosis 1 protein),TSC1 KIAA0243 TSC,Homo sapiens (Human),1164
P49815,TSC2,TS,TSC2_HUMAN,reviewed,Tuberin (Tuberous sclerosis 2 protein),TSC2 TSC4,Homo sapiens (Human),1807
O75896,TUSC2,TS,TUSC2_HUMAN,reviewed,Tumor suppressor candidate 2 (Fusion 1 protein) (Fus-1 protein) (PDGFA-associated protein 2),TUSC2 C3orf11 FUS1 LGCC PDAP2,Homo sapiens (Human),110
Q9H3M7,TXNIP,TS,TXNIP_HUMAN,reviewed,Thioredoxin-interacting protein (Thioredoxin-binding protein 2) (Vitamin D3 up-regulated protein 1),TXNIP VDUP1,Homo sapiens (Human),391
O94874,UFL1,TS,UFL1_HUMAN,reviewed,E3 UFM1-protein ligase 1 (EC 2.3.2.-) (E3 UFM1-protein transferase 1) (Novel LZAP-binding protein) (Regulator of C53/LZAP and DDRGK1),UFL1 KIAA0776 NLBP RCAD,Homo sapiens (Human),794
Q13107,USP4,Oncogene,UBP4_HUMAN,reviewed,Ubiquitin carboxyl-terminal hydrolase 4 (EC 3.4.19.12) (Deubiquitinating enzyme 4) (Ubiquitin thioesterase 4) (Ubiquitin-specific-processing protease 4) (Ubiquitous nuclear protein homolog),USP4 UNP UNPH,Homo sapiens (Human),963
P35125,USP6,Oncogene,UBP6_HUMAN,reviewed,Ubiquitin carboxyl-terminal hydrolase 6 (EC 3.4.19.12) (Deubiquitinating enzyme 6) (Proto-oncogene TRE-2) (Ubiquitin thioesterase 6) (Ubiquitin-specific-processing protease 6),USP6 HRP1 TRE2,Homo sapiens (Human),1406
P15498,VAV1,Oncogene,VAV_HUMAN,reviewed,Proto-oncogene vav,VAV1 VAV,Homo sapiens (Human),845
P40337,VHL,TS,VHL_HUMAN,reviewed,von Hippel-Lindau disease tumor suppressor (Protein G7) (pVHL),VHL,Homo sapiens (Human),213
O00534,VWA5A,TS,VMA5A_HUMAN,reviewed,von Willebrand factor A domain-containing protein 5A (Breast cancer suppressor candidate 1) (BCSC-1) (Loss of heterozygosity 11 chromosomal region 2 gene A protein),VWA5A BCSC1 LOH11CR2A,Homo sapiens (Human),786
Q9BZH6,WDR11,Oncogene,WDR11_HUMAN,reviewed,WD repeat-containing protein 11 (Bromodomain and WD repeat-containing protein 2) (WD repeat-containing protein 15),WDR11 BRWD2 KIAA1351 WDR15,Homo sapiens (Human),1224
O95388,WISP1,Oncogene,WISP1_HUMAN,reviewed,WNT1-inducible-signaling pathway protein 1 (WISP-1) (CCN family member 4) (Wnt-1-induced secreted protein),WISP1 CCN4,Homo sapiens (Human),367
P04628,WNT1,Oncogene,WNT1_HUMAN,reviewed,Proto-oncogene Wnt-1 (Proto-oncogene Int-1 homolog),WNT1 INT1,Homo sapiens (Human),370
P56703,WNT3,Oncogene,WNT3_HUMAN,reviewed,Proto-oncogene Wnt-3 (Proto-oncogene Int-4 homolog),WNT3 INT4,Homo sapiens (Human),355
P19544,WT1,TS,WT1_HUMAN,reviewed,Wilms tumor protein (WT33),WT1,Homo sapiens (Human),449
Q9NZC7,WWOX,TS,WWOX_HUMAN,reviewed,WW domain-containing oxidoreductase (EC 1.1.1.-) (Fragile site FRA16D oxidoreductase) (Short chain dehydrogenase/reductase family 41C member 1),WWOX FOR SDR41C1 WOX1,Homo sapiens (Human),414
Q9GZV5,WWTR1,Oncogene,WWTR1_HUMAN,reviewed,WW domain-containing transcription regulator protein 1 (Transcriptional coactivator with PDZ-binding motif),WWTR1 TAZ,Homo sapiens (Human),400
Q6GPH4,XAF1,TS,XAF1_HUMAN,reviewed,XIAP-associated factor 1 (BIRC4-binding protein),XAF1 BIRC4BP XIAPAF1,Homo sapiens (Human),301
Q8IZH2,XRN1,TS,XRN1_HUMAN,reviewed,5'-3' exoribonuclease 1 (EC 3.1.13.-) (Strand-exchange protein 1 homolog),XRN1 SEP1,Homo sapiens (Human),1706
P46937,YAP1,Oncogene,YAP1_HUMAN,reviewed,Transcriptional coactivator YAP1 (Yes-associated protein 1) (Protein yorkie homolog) (Yes-associated protein YAP65 homolog),YAP1 YAP65,Homo sapiens (Human),504
P07947,YES1,Oncogene,YES_HUMAN,reviewed,Tyrosine-protein kinase Yes (EC 2.7.10.2) (Proto-oncogene c-Yes) (p61-Yes),YES1 YES,Homo sapiens (Human),543
Q05516,ZBTB16,Oncogene,ZBT16_HUMAN,reviewed,Zinc finger and BTB domain-containing protein 16 (Promyelocytic leukemia zinc finger protein) (Zinc finger protein 145) (Zinc finger protein PLZF),ZBTB16 PLZF ZNF145,Homo sapiens (Human),673
A1YPR0,ZBTB7C,TS,ZBT7C_HUMAN,reviewed,Zinc finger and BTB domain-containing protein 7C (Affected by papillomavirus DNA integration in ME180 cells protein 1) (APM-1) (Zinc finger and BTB domain-containing protein 36) (Zinc finger protein 857C),ZBTB7C APM1 ZBTB36 ZNF857C,Homo sapiens (Human),619
Q8IUH5,ZDHHC17,TS,ZDH17_HUMAN,reviewed,Palmitoyltransferase ZDHHC17 (EC 2.3.1.225) (Huntingtin yeast partner H) (Huntingtin-interacting protein 14) (HIP-14) (Huntingtin-interacting protein 3) (HIP-3) (Huntingtin-interacting protein H) (Putative MAPK-activating protein PM11) (Putative NF-kappa-B-activating protein 205) (Zinc finger DHHC domain-containing protein 17) (DHHC-17),ZDHHC17 HIP14 HIP3 HYPH KIAA0946 HSPC294,Homo sapiens (Human),632
Q96K21,ZFYVE19,Oncogene,ANCHR_HUMAN,reviewed,Abscission/NoCut checkpoint regulator (ANCHR) (MLL partner containing FYVE domain) (Zinc finger FYVE domain-containing protein 19),ZFYVE19 ANCHR MPFYVE,Homo sapiens (Human),471
Q15326,ZMYND11,TS,ZMY11_HUMAN,reviewed,Zinc finger MYND domain-containing protein 11 (Adenovirus 5 E1A-binding protein) (Bone morphogenetic protein receptor-associated molecule 1) (Protein BS69),ZMYND11 BRAM1 BS69,Homo sapiens (Human),602
A2RRD8,ZNF320,Oncogene,ZN320_HUMAN,reviewed,Zinc finger protein 320,ZNF320,Homo sapiens (Human),509
Q96K83,ZNF521,Oncogene,ZN521_HUMAN,reviewed,Zinc finger protein 521 (Early hematopoietic zinc finger protein) (LYST-interacting protein 3),ZNF521 EHZF LIP3,Homo sapiens (Human),1311
